dataset,llm,combo,config,is_combo_selection_config,quality_score,correctness_mean,faithfulness_mean,answer_relevance_mean,overall_mean,answer_accuracy,context_sufficiency_rate,generation_failure_rate,retrieval_failure_rate,latency_mean_ms
triviaqa,llama3.2:latest,bge-base__ms-marco-L12,no_rag,False,31.0,60.0,0.0,100.0,55.0,60.0,0.0,0.0,100.0,587.1722
triviaqa,llama3.2:latest,bge-base__ms-marco-L12,baseline_k,False,95.275,100.0,88.5,97.0,96.3,100.0,100.0,0.0,0.0,18755.7304
triviaqa,llama3.2:latest,bge-base__ms-marco-L12,baseline_k_grounded,False,64.0,20.0,80.0,90.0,81.5,20.0,100.0,80.0,0.0,18611.4344
triviaqa,llama3.2:latest,bge-base__ms-marco-L12,baseline_k_rr,False,54.400000000000006,50.0,40.0,87.0,51.5,50.0,80.0,40.0,20.0,15286.7884
triviaqa,llama3.2:latest,bge-base__ms-marco-L12,baseline_k_rr_grounded,False,93.0,90.0,90.0,100.0,91.0,90.0,100.0,10.0,0.0,15153.4191
triviaqa,llama3.2:latest,bge-base__ms-marco-L12,baseline_s,False,79.0,60.0,80.0,100.0,67.0,60.0,100.0,40.0,0.0,1329.3341
triviaqa,llama3.2:latest,bge-base__ms-marco-L12,baseline_s_grounded,False,82.0,70.0,90.0,100.0,72.5,70.0,80.0,20.0,20.0,1319.3543
triviaqa,llama3.2:latest,bge-base__ms-marco-L12,baseline_s_rr,True,73.3,60.0,70.0,98.0,64.5,60.0,90.0,30.0,0.0,1311.7572
triviaqa,llama3.2:latest,bge-base__ms-marco-L12,baseline_s_rr_grounded,True,86.0,70.0,90.0,100.0,76.0,70.0,100.0,30.0,0.0,1273.1982
triviaqa,llama3.2:latest,bge-base__ms-marco-L12,optimized_k,False,60.5,30.0,80.0,100.0,40.5,30.0,60.0,30.0,40.0,33029.3246
triviaqa,llama3.2:latest,bge-base__ms-marco-L12,optimized_k_grounded,False,68.8,50.0,90.0,98.0,59.5,50.0,50.0,0.0,50.0,32923.2824
triviaqa,llama3.2:latest,bge-base__ms-marco-L12,optimized_k_rr,False,57.5,30.0,60.0,100.0,38.0,30.0,80.0,50.0,20.0,39585.6795
triviaqa,llama3.2:latest,bge-base__ms-marco-L12,optimized_k_rr_grounded,False,100.0,100.0,100.0,100.0,100.0,100.0,100.0,0.0,0.0,39879.9986
triviaqa,llama3.2:latest,bge-base__ms-marco-L12,optimized_s,False,72.275,60.0,71.5,78.5,68.5,60.0,90.0,30.0,10.0,1942.189
triviaqa,llama3.2:latest,bge-base__ms-marco-L12,optimized_s_grounded,False,81.75,71.0,80.0,89.0,73.0,70.0,100.0,30.0,0.0,1928.1317
triviaqa,llama3.2:latest,bge-base__ms-marco-L12,optimized_s_rr,True,72.0,60.0,60.0,100.0,62.8,60.0,100.0,40.0,0.0,2010.5159
triviaqa,llama3.2:latest,bge-base__ms-marco-L12,optimized_s_rr_grounded,True,79.0,60.0,80.0,100.0,67.5,60.0,100.0,40.0,0.0,2138.0799
triviaqa,llama3.2:latest,bge-base__ms-marco-L6,no_rag,False,34.5,70.0,0.0,100.0,42.0,70.0,0.0,0.0,100.0,296.7015
triviaqa,llama3.2:latest,bge-base__ms-marco-L6,baseline_k,False,69.6,60.0,76.0,100.0,57.5,60.0,60.0,30.0,40.0,18747.9931
triviaqa,llama3.2:latest,bge-base__ms-marco-L6,baseline_k_grounded,False,73.0,80.0,80.0,90.0,79.5,80.0,40.0,20.0,60.0,18604.772
triviaqa,llama3.2:latest,bge-base__ms-marco-L6,baseline_k_rr,False,73.2,60.0,80.0,90.0,63.6,60.0,90.0,40.0,10.0,15243.6315
triviaqa,llama3.2:latest,bge-base__ms-marco-L6,baseline_k_rr_grounded,False,86.0,60.0,100.0,100.0,62.0,60.0,100.0,40.0,0.0,15140.3789
triviaqa,llama3.2:latest,bge-base__ms-marco-L6,baseline_s,False,71.5,60.0,70.0,100.0,66.4,60.0,80.0,20.0,20.0,1326.267
triviaqa,llama3.2:latest,bge-base__ms-marco-L6,baseline_s_grounded,False,82.0,70.0,90.0,100.0,75.0,70.0,80.0,10.0,20.0,1304.6514
triviaqa,llama3.2:latest,bge-base__ms-marco-L6,baseline_s_rr,True,74.65,70.0,65.0,94.0,71.0,70.0,90.0,20.0,10.0,1339.7989
triviaqa,llama3.2:latest,bge-base__ms-marco-L6,baseline_s_rr_grounded,True,96.5,90.0,100.0,100.0,92.0,90.0,100.0,10.0,0.0,1226.0784
triviaqa,llama3.2:latest,bge-base__ms-marco-L6,optimized_k,False,45.0,50.0,30.0,70.0,53.0,50.0,50.0,20.0,50.0,33033.311
triviaqa,llama3.2:latest,bge-base__ms-marco-L6,optimized_k_grounded,False,87.375,100.0,98.5,99.0,96.5,100.0,40.0,0.0,60.0,32919.0032
triviaqa,llama3.2:latest,bge-base__ms-marco-L6,optimized_k_rr,False,70.3,70.0,60.0,88.0,73.2,70.0,80.0,30.0,20.0,39613.5111
triviaqa,llama3.2:latest,bge-base__ms-marco-L6,optimized_k_rr_grounded,False,100.0,100.0,100.0,100.0,100.0,100.0,50.0,0.0,50.0,39461.1064
triviaqa,llama3.2:latest,bge-base__ms-marco-L6,optimized_s,False,73.3,60.0,70.0,78.0,66.7,60.0,100.0,40.0,0.0,1940.9615
triviaqa,llama3.2:latest,bge-base__ms-marco-L6,optimized_s_grounded,False,86.1,80.0,82.0,94.0,78.5,80.0,100.0,20.0,0.0,1923.7617
triviaqa,llama3.2:latest,bge-base__ms-marco-L6,optimized_s_rr,True,79.0,60.0,80.0,100.0,67.0,60.0,100.0,40.0,0.0,1986.6667
triviaqa,llama3.2:latest,bge-base__ms-marco-L6,optimized_s_rr_grounded,True,82.5,70.0,80.0,100.0,74.0,70.0,100.0,30.0,0.0,1958.9522
triviaqa,llama3.2:latest,bge-base__bge-reranker,no_rag,False,31.0,60.0,0.0,100.0,46.0,60.0,0.0,0.0,100.0,293.0276
triviaqa,llama3.2:latest,bge-base__bge-reranker,baseline_k,False,74.7,50.0,80.0,92.0,54.6,50.0,100.0,50.0,0.0,18745.9875
triviaqa,llama3.2:latest,bge-base__bge-reranker,baseline_k_grounded,False,76.0,70.0,70.0,90.0,73.0,70.0,40.0,20.0,60.0,18609.5335
triviaqa,llama3.2:latest,bge-base__bge-reranker,baseline_k_rr,False,73.5,70.0,60.0,80.0,71.3,70.0,100.0,30.0,0.0,15430.9834
triviaqa,llama3.2:latest,bge-base__bge-reranker,baseline_k_rr_grounded,False,82.5,50.0,100.0,100.0,60.0,50.0,100.0,50.0,0.0,15261.2057
triviaqa,llama3.2:latest,bge-base__bge-reranker,baseline_s,False,79.0,70.0,70.0,100.0,74.6,70.0,100.0,30.0,0.0,1327.857
triviaqa,llama3.2:latest,bge-base__bge-reranker,baseline_s_grounded,False,87.5,80.0,90.0,100.0,83.0,80.0,70.0,10.0,30.0,1302.9396
triviaqa,llama3.2:latest,bge-base__bge-reranker,baseline_s_rr,True,82.0,80.0,80.0,100.0,81.5,80.0,80.0,0.0,20.0,1439.8624
triviaqa,llama3.2:latest,bge-base__bge-reranker,baseline_s_rr_grounded,True,89.0,80.0,100.0,100.0,83.5,80.0,90.0,20.0,10.0,1356.5085
triviaqa,llama3.2:latest,bge-base__bge-reranker,optimized_k,False,53.8,60.0,40.0,88.0,64.5,60.0,50.0,10.0,30.0,33026.5536
triviaqa,llama3.2:latest,bge-base__bge-reranker,optimized_k_grounded,False,99.375,100.0,98.5,99.0,99.3,100.0,40.0,0.0,60.0,32918.7077
triviaqa,llama3.2:latest,bge-base__bge-reranker,optimized_k_rr,False,53.65,50.0,47.0,71.0,56.1,50.0,80.0,40.0,20.0,39699.0047
triviaqa,llama3.2:latest,bge-base__bge-reranker,optimized_k_rr_grounded,False,73.65,40.0,87.0,92.0,42.1,40.0,100.0,60.0,0.0,39663.8411
triviaqa,llama3.2:latest,bge-base__bge-reranker,optimized_s,False,69.75,60.0,60.0,77.5,65.2,60.0,100.0,40.0,0.0,1941.0318
triviaqa,llama3.2:latest,bge-base__bge-reranker,optimized_s_grounded,False,78.0,70.0,70.0,90.0,72.2,70.0,100.0,30.0,0.0,1923.2943
triviaqa,llama3.2:latest,bge-base__bge-reranker,optimized_s_rr,True,85.35,79.0,82.0,96.0,81.2,80.0,100.0,20.0,0.0,2136.2594
triviaqa,llama3.2:latest,bge-base__bge-reranker,optimized_s_rr_grounded,True,73.9,70.0,60.0,84.0,71.1,70.0,100.0,30.0,0.0,2169.816
triviaqa,llama3.2:latest,multi-qa-mini__ms-marco-L12,no_rag,False,34.5,70.0,0.0,100.0,66.0,70.0,0.0,0.0,100.0,299.4366
triviaqa,llama3.2:latest,multi-qa-mini__ms-marco-L12,baseline_k,False,81.3,92.0,74.0,92.0,83.0,90.0,60.0,10.0,40.0,18748.4642
triviaqa,llama3.2:latest,multi-qa-mini__ms-marco-L12,baseline_k_grounded,False,65.0,20.0,80.0,100.0,24.0,20.0,100.0,80.0,0.0,18611.7354
triviaqa,llama3.2:latest,multi-qa-mini__ms-marco-L12,baseline_k_rr,False,55.8,50.0,40.0,78.0,56.7,50.0,90.0,50.0,10.0,15284.5004
triviaqa,llama3.2:latest,multi-qa-mini__ms-marco-L12,baseline_k_rr_grounded,False,79.0,50.0,90.0,100.0,59.0,50.0,100.0,50.0,0.0,15153.9584
triviaqa,llama3.2:latest,multi-qa-mini__ms-marco-L12,baseline_s,False,87.5,80.0,90.0,100.0,84.0,80.0,90.0,20.0,10.0,961.488
triviaqa,llama3.2:latest,multi-qa-mini__ms-marco-L12,baseline_s_grounded,False,82.0,70.0,90.0,100.0,75.6,70.0,80.0,10.0,20.0,828.8386
triviaqa,llama3.2:latest,multi-qa-mini__ms-marco-L12,baseline_s_rr,True,89.5,80.0,90.0,100.0,84.0,80.0,100.0,20.0,0.0,925.2808
triviaqa,llama3.2:latest,multi-qa-mini__ms-marco-L12,baseline_s_rr_grounded,True,89.5,80.0,90.0,100.0,84.0,80.0,100.0,20.0,0.0,926.0154
triviaqa,llama3.2:latest,multi-qa-mini__ms-marco-L12,optimized_k,False,56.5,30.0,80.0,100.0,42.0,30.0,40.0,10.0,60.0,33025.6677
triviaqa,llama3.2:latest,multi-qa-mini__ms-marco-L12,optimized_k_grounded,False,67.0,50.0,90.0,100.0,51.7,50.0,40.0,0.0,60.0,32919.2344
triviaqa,llama3.2:latest,multi-qa-mini__ms-marco-L12,optimized_k_rr,False,67.65,40.0,79.0,100.0,47.7,40.0,80.0,40.0,20.0,39585.1221
triviaqa,llama3.2:latest,multi-qa-mini__ms-marco-L12,optimized_k_rr_grounded,False,93.0,100.0,80.0,100.0,98.5,100.0,60.0,0.0,40.0,39878.9488
triviaqa,llama3.2:latest,multi-qa-mini__ms-marco-L12,optimized_s,False,78.125,70.0,74.5,79.5,74.6,70.0,100.0,30.0,0.0,1234.333
triviaqa,llama3.2:latest,multi-qa-mini__ms-marco-L12,optimized_s_grounded,False,79.5,70.0,80.0,90.0,74.3,70.0,90.0,20.0,10.0,1131.3272
triviaqa,llama3.2:latest,multi-qa-mini__ms-marco-L12,optimized_s_rr,True,81.5,80.0,70.0,90.0,80.3,80.0,100.0,30.0,0.0,1268.0465
triviaqa,llama3.2:latest,multi-qa-mini__ms-marco-L12,optimized_s_rr_grounded,True,84.4,80.0,80.0,84.0,82.5,80.0,100.0,20.0,0.0,1265.4236
triviaqa,llama3.2:latest,multi-qa-mini__ms-marco-L6,no_rag,False,38.0,80.0,0.0,100.0,58.0,80.0,0.0,0.0,100.0,296.122
triviaqa,llama3.2:latest,multi-qa-mini__ms-marco-L6,baseline_k,False,62.9,60.0,38.0,86.0,60.4,60.0,100.0,40.0,0.0,18743.6973
triviaqa,llama3.2:latest,multi-qa-mini__ms-marco-L6,baseline_k_grounded,False,65.0,20.0,82.0,93.0,81.8,20.0,100.0,80.0,0.0,18602.1769
triviaqa,llama3.2:latest,multi-qa-mini__ms-marco-L6,baseline_k_rr,False,64.0,60.0,60.0,80.0,60.5,60.0,70.0,20.0,30.0,15242.2351
triviaqa,llama3.2:latest,multi-qa-mini__ms-marco-L6,baseline_k_rr_grounded,False,86.0,60.0,100.0,100.0,68.0,60.0,100.0,40.0,0.0,15139.983
triviaqa,llama3.2:latest,multi-qa-mini__ms-marco-L6,baseline_s,False,90.0,80.0,92.0,98.0,84.0,80.0,100.0,20.0,0.0,949.8729
triviaqa,llama3.2:latest,multi-qa-mini__ms-marco-L6,baseline_s_grounded,False,86.0,70.0,90.0,100.0,75.5,70.0,100.0,30.0,0.0,830.1695
triviaqa,llama3.2:latest,multi-qa-mini__ms-marco-L6,baseline_s_rr,True,86.6,80.0,84.0,95.0,79.5,80.0,100.0,20.0,0.0,980.6826
triviaqa,llama3.2:latest,multi-qa-mini__ms-marco-L6,baseline_s_rr_grounded,True,89.5,80.0,90.0,100.0,84.0,80.0,100.0,20.0,0.0,897.297
triviaqa,llama3.2:latest,multi-qa-mini__ms-marco-L6,optimized_k,False,64.1,60.0,62.0,94.0,61.5,60.0,40.0,10.0,60.0,33025.5286
triviaqa,llama3.2:latest,multi-qa-mini__ms-marco-L6,optimized_k_grounded,False,89.475,100.0,98.5,100.0,95.1,100.0,40.0,0.0,60.0,32921.7308
triviaqa,llama3.2:latest,multi-qa-mini__ms-marco-L6,optimized_k_rr,False,61.0,60.0,60.0,70.0,62.5,60.0,60.0,10.0,40.0,39614.2397
triviaqa,llama3.2:latest,multi-qa-mini__ms-marco-L6,optimized_k_rr_grounded,False,93.0,90.0,90.0,100.0,91.0,90.0,100.0,10.0,0.0,39465.4009
triviaqa,llama3.2:latest,multi-qa-mini__ms-marco-L6,optimized_s,False,81.9,80.0,70.0,94.0,82.2,80.0,100.0,20.0,0.0,1234.4049
triviaqa,llama3.2:latest,multi-qa-mini__ms-marco-L6,optimized_s_grounded,False,85.0,80.0,80.0,90.0,81.0,80.0,100.0,20.0,0.0,1132.6155
triviaqa,llama3.2:latest,multi-qa-mini__ms-marco-L6,optimized_s_rr,True,87.1,88.0,78.0,90.0,87.7,80.0,100.0,20.0,0.0,1186.818
triviaqa,llama3.2:latest,multi-qa-mini__ms-marco-L6,optimized_s_rr_grounded,True,93.0,90.0,90.0,100.0,91.0,90.0,100.0,10.0,0.0,1206.3038
triviaqa,llama3.2:latest,multi-qa-mini__bge-reranker,no_rag,False,34.5,70.0,0.0,100.0,52.0,70.0,0.0,0.0,100.0,297.7098
triviaqa,llama3.2:latest,multi-qa-mini__bge-reranker,baseline_k,False,77.0,90.0,66.0,92.0,78.6,90.0,60.0,10.0,40.0,18749.5285
triviaqa,llama3.2:latest,multi-qa-mini__bge-reranker,baseline_k_grounded,False,64.0,20.0,80.0,90.0,79.5,20.0,100.0,80.0,0.0,18613.1568
triviaqa,llama3.2:latest,multi-qa-mini__bge-reranker,baseline_k_rr,False,63.0,50.0,50.0,80.0,55.5,50.0,100.0,50.0,0.0,15445.5152
triviaqa,llama3.2:latest,multi-qa-mini__bge-reranker,baseline_k_rr_grounded,False,86.0,60.0,100.0,100.0,68.0,60.0,100.0,40.0,0.0,15273.9241
triviaqa,llama3.2:latest,multi-qa-mini__bge-reranker,baseline_s,False,89.3,80.0,90.0,98.0,83.5,80.0,100.0,20.0,0.0,956.4763
triviaqa,llama3.2:latest,multi-qa-mini__bge-reranker,baseline_s_grounded,False,82.0,70.0,90.0,100.0,75.8,70.0,80.0,10.0,20.0,842.3072
triviaqa,llama3.2:latest,multi-qa-mini__bge-reranker,baseline_s_rr,True,95.44999999999999,90.0,97.0,100.0,90.8,90.0,100.0,10.0,0.0,1070.5147
triviaqa,llama3.2:latest,multi-qa-mini__bge-reranker,baseline_s_rr_grounded,True,100.0,100.0,100.0,100.0,99.8,100.0,100.0,0.0,0.0,1057.5159
triviaqa,llama3.2:latest,multi-qa-mini__bge-reranker,optimized_k,False,59.0,40.0,80.0,90.0,46.5,40.0,40.0,10.0,60.0,33037.1848
triviaqa,llama3.2:latest,multi-qa-mini__bge-reranker,optimized_k_grounded,False,71.8,50.0,98.0,100.0,59.8,50.0,40.0,0.0,60.0,32935.4028
triviaqa,llama3.2:latest,multi-qa-mini__bge-reranker,optimized_k_rr,False,58.95,50.0,50.0,79.5,55.3,50.0,80.0,40.0,20.0,39710.5906
triviaqa,llama3.2:latest,multi-qa-mini__bge-reranker,optimized_k_rr_grounded,False,64.5,40.0,90.0,90.0,51.0,40.0,50.0,10.0,50.0,39664.5514
triviaqa,llama3.2:latest,multi-qa-mini__bge-reranker,optimized_s,False,73.65,60.0,70.0,81.5,68.0,60.0,100.0,40.0,0.0,1243.2747
triviaqa,llama3.2:latest,multi-qa-mini__bge-reranker,optimized_s_grounded,False,85.0,80.0,80.0,90.0,81.5,80.0,100.0,20.0,0.0,1136.518
triviaqa,llama3.2:latest,multi-qa-mini__bge-reranker,optimized_s_rr,True,74.9,70.0,60.0,94.0,74.3,70.0,100.0,30.0,0.0,1505.1827
triviaqa,llama3.2:latest,multi-qa-mini__bge-reranker,optimized_s_rr_grounded,True,81.5,70.0,80.0,90.0,71.5,70.0,100.0,30.0,0.0,1334.7711
triviaqa,llama3.2:latest,bge-base__ms-marco-L12,no_rag,False,27.5,50.0,0.0,100.0,35.0,50.0,0.0,0.0,100.0,830.7716
triviaqa,llama3.2:latest,bge-base__ms-marco-L12,baseline_k,False,79.69999999999999,50.0,92.0,100.0,54.0,50.0,100.0,50.0,0.0,18753.1706
triviaqa,llama3.2:latest,bge-base__ms-marco-L12,baseline_k_grounded,False,85.0,80.0,80.0,90.0,80.0,80.0,100.0,20.0,0.0,18610.9707
triviaqa,llama3.2:latest,bge-base__ms-marco-L12,baseline_k_rr,False,53.35,50.0,42.0,78.5,51.0,50.0,90.0,50.0,10.0,15293.5089
triviaqa,llama3.2:latest,bge-base__ms-marco-L12,baseline_k_rr_grounded,False,79.0,50.0,90.0,100.0,59.0,50.0,60.0,10.0,40.0,15161.534
triviaqa,llama3.2:latest,bge-base__ms-marco-L12,baseline_s,False,59.15,50.0,58.0,93.5,62.6,50.0,60.0,10.0,40.0,1334.2506
triviaqa,llama3.2:latest,bge-base__ms-marco-L12,baseline_s_grounded,False,82.0,70.0,90.0,100.0,70.0,70.0,80.0,10.0,20.0,1310.3363
triviaqa,llama3.2:latest,bge-base__ms-marco-L12,baseline_s_rr,True,68.0,60.0,60.0,80.0,62.5,60.0,90.0,30.0,10.0,1319.654
triviaqa,llama3.2:latest,bge-base__ms-marco-L12,baseline_s_rr_grounded,True,86.0,70.0,90.0,100.0,76.0,70.0,100.0,30.0,0.0,1276.9825
triviaqa,llama3.2:latest,bge-base__ms-marco-L12,optimized_k,False,44.0,40.0,40.0,80.0,42.5,40.0,40.0,10.0,60.0,33029.7022
triviaqa,llama3.2:latest,bge-base__ms-marco-L12,optimized_k_grounded,False,63.5,40.0,90.0,100.0,51.5,40.0,40.0,0.0,60.0,32928.4252
triviaqa,llama3.2:latest,bge-base__ms-marco-L12,optimized_k_rr,False,62.5,30.0,80.0,100.0,38.0,30.0,70.0,40.0,30.0,39592.3944
triviaqa,llama3.2:latest,bge-base__ms-marco-L12,optimized_k_rr_grounded,False,100.0,100.0,100.0,100.0,100.0,100.0,100.0,0.0,0.0,39877.8247
triviaqa,llama3.2:latest,bge-base__ms-marco-L12,optimized_s,False,72.475,60.0,69.5,78.5,67.3,60.0,100.0,40.0,0.0,1946.7662
triviaqa,llama3.2:latest,bge-base__ms-marco-L12,optimized_s_grounded,False,82.4,70.0,82.0,94.0,72.2,70.0,100.0,30.0,0.0,1927.1402
triviaqa,llama3.2:latest,bge-base__ms-marco-L12,optimized_s_rr,True,70.925,59.0,59.5,96.5,61.8,60.0,100.0,40.0,0.0,2011.4126
triviaqa,llama3.2:latest,bge-base__ms-marco-L12,optimized_s_rr_grounded,True,82.5,70.0,80.0,100.0,74.0,70.0,100.0,30.0,0.0,2138.3235
triviaqa,llama3.2:latest,bge-base__ms-marco-L6,no_rag,False,34.5,70.0,0.0,100.0,52.0,70.0,0.0,0.0,100.0,293.7051
triviaqa,llama3.2:latest,bge-base__ms-marco-L6,baseline_k,False,67.1,40.0,66.0,100.0,49.8,40.0,100.0,60.0,0.0,18749.6394
triviaqa,llama3.2:latest,bge-base__ms-marco-L6,baseline_k_grounded,False,52.9,20.0,82.0,92.0,35.3,20.0,40.0,20.0,60.0,18612.4883
triviaqa,llama3.2:latest,bge-base__ms-marco-L6,baseline_k_rr,False,67.5,70.0,60.0,80.0,68.5,70.0,70.0,10.0,10.0,15253.7194
triviaqa,llama3.2:latest,bge-base__ms-marco-L6,baseline_k_rr_grounded,False,83.5,70.0,100.0,100.0,76.0,70.0,70.0,0.0,30.0,15143.8635
triviaqa,llama3.2:latest,bge-base__ms-marco-L6,baseline_s,False,82.0,70.0,90.0,100.0,75.0,70.0,80.0,10.0,20.0,1331.0988
triviaqa,llama3.2:latest,bge-base__ms-marco-L6,baseline_s_grounded,False,89.0,90.0,90.0,100.0,88.0,90.0,70.0,10.0,30.0,1308.8559
triviaqa,llama3.2:latest,bge-base__ms-marco-L6,baseline_s_rr,True,77.1,70.0,72.0,94.0,74.5,70.0,90.0,20.0,10.0,1351.6882
triviaqa,llama3.2:latest,bge-base__ms-marco-L6,baseline_s_rr_grounded,True,98.0,100.0,100.0,100.0,99.0,100.0,80.0,0.0,20.0,1247.5452
triviaqa,llama3.2:latest,bge-base__ms-marco-L6,optimized_k,False,61.0,60.0,60.0,70.0,61.5,60.0,60.0,10.0,40.0,33033.5699
triviaqa,llama3.2:latest,bge-base__ms-marco-L6,optimized_k_grounded,False,63.5,40.0,90.0,100.0,49.0,40.0,40.0,0.0,60.0,32926.9212
triviaqa,llama3.2:latest,bge-base__ms-marco-L6,optimized_k_rr,False,68.0,50.0,70.0,100.0,59.0,50.0,80.0,30.0,20.0,39622.0026
triviaqa,llama3.2:latest,bge-base__ms-marco-L6,optimized_k_rr_grounded,False,86.0,60.0,100.0,100.0,64.0,60.0,100.0,40.0,0.0,39468.982
triviaqa,llama3.2:latest,bge-base__ms-marco-L6,optimized_s,False,73.65,60.0,71.0,78.0,66.5,60.0,100.0,40.0,0.0,1950.2015
triviaqa,llama3.2:latest,bge-base__ms-marco-L6,optimized_s_grounded,False,79.35,70.0,73.0,93.0,73.5,70.0,100.0,30.0,0.0,1929.1317
triviaqa,llama3.2:latest,bge-base__ms-marco-L6,optimized_s_rr,True,75.5,60.0,70.0,100.0,66.5,60.0,100.0,40.0,0.0,1993.9532
triviaqa,llama3.2:latest,bge-base__ms-marco-L6,optimized_s_rr_grounded,True,86.0,80.0,80.0,100.0,82.0,80.0,100.0,20.0,0.0,1975.1351
triviaqa,llama3.2:latest,bge-base__bge-reranker,no_rag,False,34.5,70.0,0.0,100.0,62.0,70.0,0.0,0.0,100.0,296.5317
triviaqa,llama3.2:latest,bge-base__bge-reranker,baseline_k,False,87.19999999999999,90.0,76.0,95.0,86.6,90.0,100.0,10.0,0.0,18752.6781
triviaqa,llama3.2:latest,bge-base__bge-reranker,baseline_k_grounded,False,85.0,80.0,80.0,90.0,82.0,80.0,100.0,20.0,0.0,18607.5622
triviaqa,llama3.2:latest,bge-base__bge-reranker,baseline_k_rr,False,73.5,60.0,70.0,80.0,66.0,60.0,100.0,40.0,0.0,15435.745
triviaqa,llama3.2:latest,bge-base__bge-reranker,baseline_k_rr_grounded,False,89.0,80.0,100.0,100.0,84.0,80.0,80.0,0.0,20.0,15266.6625
triviaqa,llama3.2:latest,bge-base__bge-reranker,baseline_s,False,75.0,60.0,80.0,100.0,63.0,60.0,80.0,20.0,20.0,1335.0591
triviaqa,llama3.2:latest,bge-base__bge-reranker,baseline_s_grounded,False,78.5,60.0,90.0,100.0,66.0,60.0,80.0,20.0,20.0,1306.4439
triviaqa,llama3.2:latest,bge-base__bge-reranker,baseline_s_rr,True,79.0,60.0,80.0,100.0,66.5,60.0,100.0,40.0,0.0,1445.2304
triviaqa,llama3.2:latest,bge-base__bge-reranker,baseline_s_rr_grounded,True,100.0,100.0,100.0,100.0,100.0,100.0,100.0,0.0,0.0,1360.2105
triviaqa,llama3.2:latest,bge-base__bge-reranker,optimized_k,False,55.0,50.0,50.0,80.0,54.5,50.0,60.0,10.0,40.0,33030.125
triviaqa,llama3.2:latest,bge-base__bge-reranker,optimized_k_grounded,False,99.65,100.0,99.0,100.0,99.7,100.0,40.0,0.0,60.0,32927.6865
triviaqa,llama3.2:latest,bge-base__bge-reranker,optimized_k_rr,False,59.0,50.0,50.0,100.0,58.0,50.0,70.0,30.0,30.0,39703.9209
triviaqa,llama3.2:latest,bge-base__bge-reranker,optimized_k_rr_grounded,False,92.39999999999999,90.0,90.0,94.0,91.5,90.0,50.0,10.0,50.0,39671.7702
triviaqa,llama3.2:latest,bge-base__bge-reranker,optimized_s,False,72.39999999999999,60.0,68.0,76.0,66.0,60.0,100.0,40.0,0.0,1944.6181
triviaqa,llama3.2:latest,bge-base__bge-reranker,optimized_s_grounded,False,78.5,70.0,70.0,95.0,74.5,70.0,100.0,30.0,0.0,1930.2639
triviaqa,llama3.2:latest,bge-base__bge-reranker,optimized_s_rr,True,80.75,77.5,70.5,92.5,78.9,80.0,100.0,20.0,0.0,2144.0553
triviaqa,llama3.2:latest,bge-base__bge-reranker,optimized_s_rr_grounded,True,91.8,80.0,100.0,88.0,81.0,80.0,100.0,20.0,0.0,2174.9116
triviaqa,llama3.2:latest,multi-qa-mini__ms-marco-L12,no_rag,False,38.0,80.0,0.0,100.0,45.0,80.0,0.0,0.0,100.0,294.4088
triviaqa,llama3.2:latest,multi-qa-mini__ms-marco-L12,baseline_k,False,74.89999999999999,58.0,78.0,93.0,54.7,60.0,90.0,40.0,10.0,18752.4883
triviaqa,llama3.2:latest,multi-qa-mini__ms-marco-L12,baseline_k_grounded,False,64.4,20.0,80.0,94.0,34.0,20.0,100.0,80.0,0.0,18608.7291
triviaqa,llama3.2:latest,multi-qa-mini__ms-marco-L12,baseline_k_rr,False,58.7,50.0,40.0,92.0,53.6,50.0,90.0,50.0,10.0,15293.118
triviaqa,llama3.2:latest,multi-qa-mini__ms-marco-L12,baseline_k_rr_grounded,False,82.5,50.0,100.0,100.0,52.5,50.0,100.0,50.0,0.0,15160.7984
triviaqa,llama3.2:latest,multi-qa-mini__ms-marco-L12,baseline_s,False,89.5,80.0,90.0,100.0,83.0,80.0,100.0,20.0,0.0,959.0847
triviaqa,llama3.2:latest,multi-qa-mini__ms-marco-L12,baseline_s_grounded,False,85.4,70.0,94.0,100.0,73.5,70.0,90.0,20.0,10.0,837.3745
triviaqa,llama3.2:latest,multi-qa-mini__ms-marco-L12,baseline_s_rr,True,89.5,80.0,90.0,100.0,83.5,80.0,100.0,20.0,0.0,934.1859
triviaqa,llama3.2:latest,multi-qa-mini__ms-marco-L12,baseline_s_rr_grounded,True,93.0,90.0,90.0,100.0,92.0,90.0,100.0,10.0,0.0,931.0833
triviaqa,llama3.2:latest,multi-qa-mini__ms-marco-L12,optimized_k,False,56.5,60.0,30.0,70.0,62.0,60.0,90.0,30.0,10.0,33030.8091
triviaqa,llama3.2:latest,multi-qa-mini__ms-marco-L12,optimized_k_grounded,False,68.8,50.0,90.0,98.0,59.5,50.0,50.0,0.0,50.0,32925.9885
triviaqa,llama3.2:latest,multi-qa-mini__ms-marco-L12,optimized_k_rr,False,60.0,40.0,60.0,90.0,41.0,40.0,90.0,50.0,10.0,39585.7564
triviaqa,llama3.2:latest,multi-qa-mini__ms-marco-L12,optimized_k_rr_grounded,False,96.5,100.0,90.0,100.0,93.5,100.0,100.0,10.0,0.0,39882.0683
triviaqa,llama3.2:latest,multi-qa-mini__ms-marco-L12,optimized_s,False,84.65,80.0,79.0,90.0,84.3,80.0,100.0,20.0,0.0,1237.0458
triviaqa,llama3.2:latest,multi-qa-mini__ms-marco-L12,optimized_s_grounded,False,85.0,80.0,80.0,90.0,81.5,80.0,100.0,20.0,0.0,1136.3345
triviaqa,llama3.2:latest,multi-qa-mini__ms-marco-L12,optimized_s_rr,True,81.5,80.0,70.0,90.0,80.7,80.0,100.0,30.0,0.0,1272.4105
triviaqa,llama3.2:latest,multi-qa-mini__ms-marco-L12,optimized_s_rr_grounded,True,82.5,70.0,80.0,100.0,76.0,70.0,100.0,30.0,0.0,1264.7208
triviaqa,llama3.2:latest,multi-qa-mini__ms-marco-L6,no_rag,False,38.0,80.0,0.0,100.0,46.0,80.0,0.0,0.0,100.0,288.8222
triviaqa,llama3.2:latest,multi-qa-mini__ms-marco-L6,baseline_k,False,66.4,50.0,66.0,90.0,50.9,50.0,80.0,50.0,20.0,18743.5294
triviaqa,llama3.2:latest,multi-qa-mini__ms-marco-L6,baseline_k_grounded,False,64.0,20.0,80.0,90.0,23.0,20.0,100.0,80.0,0.0,18606.4755
triviaqa,llama3.2:latest,multi-qa-mini__ms-marco-L6,baseline_k_rr,False,67.5,70.0,60.0,80.0,71.5,70.0,90.0,30.0,10.0,15244.6223
triviaqa,llama3.2:latest,multi-qa-mini__ms-marco-L6,baseline_k_rr_grounded,False,82.0,60.0,100.0,100.0,66.0,60.0,80.0,20.0,20.0,15140.3548
triviaqa,llama3.2:latest,multi-qa-mini__ms-marco-L6,baseline_s,False,85.4,80.0,80.0,94.0,84.0,80.0,100.0,30.0,0.0,948.9264
triviaqa,llama3.2:latest,multi-qa-mini__ms-marco-L6,baseline_s_grounded,False,91.0,80.0,100.0,100.0,83.0,80.0,90.0,10.0,10.0,833.0641
triviaqa,llama3.2:latest,multi-qa-mini__ms-marco-L6,baseline_s_rr,True,83.15,80.0,73.0,96.0,82.6,80.0,100.0,20.0,0.0,982.132
triviaqa,llama3.2:latest,multi-qa-mini__ms-marco-L6,baseline_s_rr_grounded,True,89.5,80.0,90.0,100.0,84.0,80.0,100.0,20.0,0.0,900.8185
triviaqa,llama3.2:latest,multi-qa-mini__ms-marco-L6,optimized_k,False,60.0,40.0,80.0,100.0,46.0,40.0,40.0,10.0,60.0,33026.4045
triviaqa,llama3.2:latest,multi-qa-mini__ms-marco-L6,optimized_k_grounded,False,89.55,100.0,99.0,99.0,97.2,100.0,50.0,0.0,50.0,32920.1005
triviaqa,llama3.2:latest,multi-qa-mini__ms-marco-L6,optimized_k_rr,False,66.5,60.0,50.0,100.0,65.6,60.0,90.0,30.0,10.0,39612.8795
triviaqa,llama3.2:latest,multi-qa-mini__ms-marco-L6,optimized_k_rr_grounded,False,86.0,60.0,100.0,100.0,73.0,70.0,100.0,30.0,0.0,39464.5574
triviaqa,llama3.2:latest,multi-qa-mini__ms-marco-L6,optimized_s,False,81.5,70.0,80.0,90.0,74.5,70.0,100.0,30.0,0.0,1232.3986
triviaqa,llama3.2:latest,multi-qa-mini__ms-marco-L6,optimized_s_grounded,False,88.5,80.0,90.0,90.0,81.5,80.0,100.0,20.0,0.0,1133.6053
triviaqa,llama3.2:latest,multi-qa-mini__ms-marco-L6,optimized_s_rr,True,81.3,70.0,80.0,90.0,75.5,70.0,100.0,30.0,0.0,1185.4784
triviaqa,llama3.2:latest,multi-qa-mini__ms-marco-L6,optimized_s_rr_grounded,True,93.0,90.0,90.0,100.0,91.0,90.0,100.0,10.0,0.0,1207.2863
triviaqa,llama3.2:latest,multi-qa-mini__bge-reranker,no_rag,False,34.5,70.0,0.0,100.0,52.0,70.0,0.0,0.0,100.0,293.284
triviaqa,llama3.2:latest,multi-qa-mini__bge-reranker,baseline_k,False,77.39999999999999,76.0,68.0,86.0,73.0,70.0,90.0,50.0,10.0,18746.9769
triviaqa,llama3.2:latest,multi-qa-mini__bge-reranker,baseline_k_grounded,False,86.1,80.0,82.0,94.0,83.0,80.0,40.0,20.0,60.0,18606.9795
triviaqa,llama3.2:latest,multi-qa-mini__bge-reranker,baseline_k_rr,False,70.0,70.0,50.0,80.0,68.1,70.0,100.0,30.0,0.0,15436.7098
triviaqa,llama3.2:latest,multi-qa-mini__bge-reranker,baseline_k_rr_grounded,False,100.0,100.0,100.0,100.0,100.0,100.0,100.0,0.0,0.0,15267.5391
triviaqa,llama3.2:latest,multi-qa-mini__bge-reranker,baseline_s,False,89.3,80.0,90.0,98.0,83.5,80.0,100.0,20.0,0.0,955.4396
triviaqa,llama3.2:latest,multi-qa-mini__bge-reranker,baseline_s_grounded,False,89.5,70.0,100.0,100.0,76.0,70.0,100.0,30.0,0.0,838.0229
triviaqa,llama3.2:latest,multi-qa-mini__bge-reranker,baseline_s_rr,True,87.6,90.0,78.0,92.0,87.8,90.0,100.0,10.0,0.0,1065.7143
triviaqa,llama3.2:latest,multi-qa-mini__bge-reranker,baseline_s_rr_grounded,True,100.0,100.0,100.0,100.0,99.8,100.0,100.0,0.0,0.0,1051.6951
triviaqa,llama3.2:latest,multi-qa-mini__bge-reranker,optimized_k,False,64.0,40.0,80.0,100.0,48.0,40.0,60.0,30.0,40.0,33025.221
triviaqa,llama3.2:latest,multi-qa-mini__bge-reranker,optimized_k_grounded,False,87.2,100.0,98.0,99.0,96.4,100.0,40.0,0.0,60.0,32921.9212
triviaqa,llama3.2:latest,multi-qa-mini__bge-reranker,optimized_k_rr,False,76.5,70.0,80.0,100.0,74.5,70.0,70.0,10.0,30.0,39702.111
triviaqa,llama3.2:latest,multi-qa-mini__bge-reranker,optimized_k_rr_grounded,False,91.69999999999999,90.0,88.0,94.0,91.2,90.0,50.0,10.0,50.0,39668.5639
triviaqa,llama3.2:latest,multi-qa-mini__bge-reranker,optimized_s,False,85.39999999999999,90.0,70.0,94.0,90.5,90.0,100.0,10.0,0.0,1238.466
triviaqa,llama3.2:latest,multi-qa-mini__bge-reranker,optimized_s_grounded,False,81.5,70.0,80.0,90.0,74.0,70.0,100.0,30.0,0.0,1140.1871
triviaqa,llama3.2:latest,multi-qa-mini__bge-reranker,optimized_s_rr,True,74.75,71.0,58.0,96.0,75.4,70.0,100.0,30.0,0.0,1497.2807
triviaqa,llama3.2:latest,multi-qa-mini__bge-reranker,optimized_s_rr_grounded,True,81.5,70.0,80.0,90.0,73.5,70.0,100.0,40.0,0.0,1336.9382
triviaqa,llama3:8b,bge-base__ms-marco-L12,no_rag,False,34.5,70.0,0.0,100.0,69.8,70.0,0.0,0.0,100.0,820.1749
triviaqa,llama3:8b,bge-base__ms-marco-L12,baseline_k,False,44.0,30.0,42.0,92.0,41.0,30.0,40.0,10.0,40.0,18837.3207
triviaqa,llama3:8b,bge-base__ms-marco-L12,baseline_k_grounded,False,82.2,70.0,80.0,97.0,73.5,70.0,100.0,30.0,0.0,18822.1839
triviaqa,llama3:8b,bge-base__ms-marco-L12,baseline_k_rr,False,77.65,60.0,99.0,100.0,65.6,60.0,60.0,0.0,40.0,15538.1604
triviaqa,llama3:8b,bge-base__ms-marco-L12,baseline_k_rr_grounded,False,79.0,50.0,90.0,100.0,59.0,50.0,60.0,10.0,40.0,15443.5387
triviaqa,llama3:8b,bge-base__ms-marco-L12,baseline_s,False,68.5,50.0,60.0,100.0,56.0,50.0,100.0,50.0,0.0,1600.8528
triviaqa,llama3:8b,bge-base__ms-marco-L12,baseline_s_grounded,False,79.9,60.0,94.0,100.0,66.8,60.0,80.0,20.0,20.0,1622.8378
triviaqa,llama3:8b,bge-base__ms-marco-L12,baseline_s_rr,True,75.2,70.0,62.0,92.0,71.0,70.0,100.0,30.0,0.0,1643.3058
triviaqa,llama3:8b,bge-base__ms-marco-L12,baseline_s_rr_grounded,True,86.475,81.5,91.0,97.0,83.8,80.0,80.0,0.0,20.0,1643.5931
triviaqa,llama3:8b,bge-base__ms-marco-L12,optimized_k,False,65.0,50.0,80.0,95.0,57.5,50.0,50.0,0.0,40.0,33339.8142
triviaqa,llama3:8b,bge-base__ms-marco-L12,optimized_k_grounded,False,67.0,40.0,100.0,100.0,52.0,40.0,40.0,0.0,60.0,32991.4436
triviaqa,llama3:8b,bge-base__ms-marco-L12,optimized_k_rr,False,76.5,50.0,100.0,100.0,58.5,50.0,70.0,20.0,30.0,39824.5792
triviaqa,llama3:8b,bge-base__ms-marco-L12,optimized_k_rr_grounded,False,74.5,60.0,90.0,100.0,64.4,60.0,60.0,10.0,40.0,39685.6329
triviaqa,llama3:8b,bge-base__ms-marco-L12,optimized_s,False,58.0,70.0,10.0,100.0,68.0,70.0,100.0,30.0,0.0,2107.3117
triviaqa,llama3:8b,bge-base__ms-marco-L12,optimized_s_grounded,False,93.0,90.0,90.0,100.0,87.9,90.0,100.0,10.0,0.0,2368.0154
triviaqa,llama3:8b,bge-base__ms-marco-L12,optimized_s_rr,True,77.6,70.0,66.0,100.0,70.7,70.0,100.0,30.0,0.0,2192.5029
triviaqa,llama3:8b,bge-base__ms-marco-L12,optimized_s_rr_grounded,True,68.3,60.0,50.0,98.0,59.5,60.0,100.0,40.0,0.0,2495.4462
triviaqa,llama3:8b,bge-base__ms-marco-L6,no_rag,False,34.5,70.0,0.0,100.0,69.0,70.0,0.0,0.0,100.0,368.3555
triviaqa,llama3:8b,bge-base__ms-marco-L6,baseline_k,False,51.0,30.0,30.0,100.0,39.0,30.0,100.0,70.0,0.0,18838.5023
triviaqa,llama3:8b,bge-base__ms-marco-L6,baseline_k_grounded,False,82.5,70.0,80.0,100.0,72.0,70.0,60.0,30.0,40.0,18822.8854
triviaqa,llama3:8b,bge-base__ms-marco-L6,baseline_k_rr,False,68.1,60.0,70.0,86.0,63.0,60.0,70.0,10.0,20.0,15595.3752
triviaqa,llama3:8b,bge-base__ms-marco-L6,baseline_k_rr_grounded,False,82.0,60.0,100.0,100.0,72.0,60.0,80.0,20.0,20.0,15379.2932
triviaqa,llama3:8b,bge-base__ms-marco-L6,baseline_s,False,75.5,60.0,70.0,100.0,62.8,60.0,100.0,40.0,0.0,1602.1791
triviaqa,llama3:8b,bge-base__ms-marco-L6,baseline_s_grounded,False,94.05,91.0,92.0,100.0,92.0,90.0,70.0,10.0,30.0,1620.5154
triviaqa,llama3:8b,bge-base__ms-marco-L6,baseline_s_rr,True,90.0,90.0,90.0,90.0,90.0,90.0,90.0,0.0,10.0,1613.9048
triviaqa,llama3:8b,bge-base__ms-marco-L6,baseline_s_rr_grounded,True,96.14999999999999,90.0,99.0,100.0,90.8,90.0,100.0,10.0,0.0,1497.2152
triviaqa,llama3:8b,bge-base__ms-marco-L6,optimized_k,False,48.0,40.0,40.0,100.0,44.5,40.0,50.0,10.0,50.0,33340.1811
triviaqa,llama3:8b,bge-base__ms-marco-L6,optimized_k_grounded,False,100.0,100.0,100.0,100.0,100.0,100.0,40.0,0.0,60.0,32992.4139
triviaqa,llama3:8b,bge-base__ms-marco-L6,optimized_k_rr,False,66.4,50.0,70.0,96.0,55.5,50.0,70.0,20.0,30.0,39726.4379
triviaqa,llama3:8b,bge-base__ms-marco-L6,optimized_k_rr_grounded,False,93.0,90.0,90.0,100.0,90.5,90.0,100.0,10.0,0.0,39625.742
triviaqa,llama3:8b,bge-base__ms-marco-L6,optimized_s,False,81.2,70.0,78.0,94.0,77.2,70.0,100.0,30.0,0.0,2108.6248
triviaqa,llama3:8b,bge-base__ms-marco-L6,optimized_s_grounded,False,90.19999999999999,90.0,82.0,100.0,91.0,90.0,100.0,10.0,0.0,2369.1342
triviaqa,llama3:8b,bge-base__ms-marco-L6,optimized_s_rr,True,76.0,60.0,72.0,98.0,66.0,60.0,100.0,40.0,0.0,2203.6771
triviaqa,llama3:8b,bge-base__ms-marco-L6,optimized_s_rr_grounded,True,86.0,80.0,80.0,100.0,82.0,80.0,100.0,20.0,0.0,2318.4957
triviaqa,llama3:8b,bge-base__bge-reranker,no_rag,False,33.9,70.0,0.0,94.0,71.8,70.0,0.0,0.0,100.0,372.4184
triviaqa,llama3:8b,bge-base__bge-reranker,baseline_k,False,43.3,30.0,40.0,90.0,35.5,30.0,40.0,10.0,50.0,18833.9311
triviaqa,llama3:8b,bge-base__bge-reranker,baseline_k_grounded,False,52.4,30.0,70.0,94.0,41.5,30.0,40.0,10.0,60.0,18903.2393
triviaqa,llama3:8b,bge-base__bge-reranker,baseline_k_rr,False,64.5,60.0,50.0,80.0,61.8,60.0,90.0,30.0,10.0,16452.1443
triviaqa,llama3:8b,bge-base__bge-reranker,baseline_k_rr_grounded,False,93.0,90.0,90.0,100.0,90.5,90.0,100.0,10.0,0.0,15727.3989
triviaqa,llama3:8b,bge-base__bge-reranker,baseline_s,False,71.5,60.0,70.0,100.0,63.5,60.0,80.0,20.0,20.0,1603.9946
triviaqa,llama3:8b,bge-base__bge-reranker,baseline_s_grounded,False,96.0,100.0,100.0,100.0,99.0,100.0,70.0,0.0,30.0,1595.3974
triviaqa,llama3:8b,bge-base__bge-reranker,baseline_s_rr,True,84.0,80.0,80.0,100.0,81.5,80.0,90.0,10.0,10.0,1703.2617
triviaqa,llama3:8b,bge-base__bge-reranker,baseline_s_rr_grounded,True,84.0,70.0,90.0,100.0,72.0,70.0,90.0,20.0,10.0,1758.8231
triviaqa,llama3:8b,bge-base__bge-reranker,optimized_k,False,51.5,40.0,50.0,100.0,46.5,40.0,50.0,10.0,50.0,33392.2533
triviaqa,llama3:8b,bge-base__bge-reranker,optimized_k_grounded,False,90.0,100.0,100.0,100.0,97.5,100.0,40.0,0.0,60.0,33048.2037
triviaqa,llama3:8b,bge-base__bge-reranker,optimized_k_rr,False,76.5,60.0,90.0,100.0,63.5,60.0,70.0,10.0,30.0,39934.1125
triviaqa,llama3:8b,bge-base__bge-reranker,optimized_k_rr_grounded,False,82.5,50.0,100.0,100.0,52.5,50.0,50.0,0.0,50.0,39677.2753
triviaqa,llama3:8b,bge-base__bge-reranker,optimized_s,False,76.6,60.0,78.0,83.0,68.5,60.0,100.0,40.0,0.0,2113.2446
triviaqa,llama3:8b,bge-base__bge-reranker,optimized_s_grounded,False,90.19999999999999,90.0,82.0,100.0,88.5,90.0,100.0,10.0,0.0,2337.0079
triviaqa,llama3:8b,bge-base__bge-reranker,optimized_s_rr,True,86.0,80.0,80.0,100.0,82.4,80.0,100.0,20.0,0.0,2308.7693
triviaqa,llama3:8b,bge-base__bge-reranker,optimized_s_rr_grounded,True,89.5,80.0,90.0,100.0,84.0,80.0,90.0,20.0,10.0,2335.2792
triviaqa,llama3:8b,multi-qa-mini__ms-marco-L12,no_rag,False,34.5,70.0,0.0,100.0,66.0,70.0,0.0,0.0,100.0,335.1689
triviaqa,llama3:8b,multi-qa-mini__ms-marco-L12,baseline_k,False,67.0,50.0,70.0,90.0,56.0,50.0,80.0,30.0,20.0,18991.0986
triviaqa,llama3:8b,multi-qa-mini__ms-marco-L12,baseline_k_grounded,False,62.0,50.0,70.0,100.0,56.0,50.0,50.0,0.0,50.0,18904.8572
triviaqa,llama3:8b,multi-qa-mini__ms-marco-L12,baseline_k_rr,False,65.5,60.0,70.0,80.0,63.0,60.0,60.0,0.0,40.0,15556.4743
triviaqa,llama3:8b,multi-qa-mini__ms-marco-L12,baseline_k_rr_grounded,False,67.5,50.0,80.0,100.0,59.0,50.0,60.0,10.0,40.0,15637.0808
triviaqa,llama3:8b,multi-qa-mini__ms-marco-L12,baseline_s,False,77.0,70.0,70.0,100.0,72.5,70.0,90.0,20.0,0.0,1155.6569
triviaqa,llama3:8b,multi-qa-mini__ms-marco-L12,baseline_s_grounded,False,87.5,70.0,100.0,100.0,75.0,70.0,90.0,20.0,10.0,1059.5891
triviaqa,llama3:8b,multi-qa-mini__ms-marco-L12,baseline_s_rr,True,86.0,80.0,80.0,100.0,82.5,80.0,100.0,20.0,0.0,1188.348
triviaqa,llama3:8b,multi-qa-mini__ms-marco-L12,baseline_s_rr_grounded,True,100.0,100.0,100.0,100.0,100.0,100.0,100.0,0.0,0.0,1130.3042
triviaqa,llama3:8b,multi-qa-mini__ms-marco-L12,optimized_k,False,74.5,60.0,90.0,100.0,67.0,60.0,60.0,0.0,30.0,33398.1911
triviaqa,llama3:8b,multi-qa-mini__ms-marco-L12,optimized_k_grounded,False,88.0,100.0,100.0,100.0,97.0,100.0,40.0,0.0,60.0,33047.6498
triviaqa,llama3:8b,multi-qa-mini__ms-marco-L12,optimized_k_rr,False,65.8,40.0,80.0,98.0,49.5,40.0,70.0,30.0,30.0,39923.0636
triviaqa,llama3:8b,multi-qa-mini__ms-marco-L12,optimized_k_rr_grounded,False,82.5,60.0,90.0,100.0,57.5,60.0,60.0,0.0,40.0,39737.9498
triviaqa,llama3:8b,multi-qa-mini__ms-marco-L12,optimized_s,False,86.0,80.0,80.0,100.0,79.5,80.0,100.0,20.0,0.0,1443.9258
triviaqa,llama3:8b,multi-qa-mini__ms-marco-L12,optimized_s_grounded,False,85.39999999999999,70.0,90.0,94.0,73.0,70.0,100.0,30.0,0.0,1378.4635
triviaqa,llama3:8b,multi-qa-mini__ms-marco-L12,optimized_s_rr,True,92.1,90.0,90.0,91.0,90.8,90.0,100.0,10.0,0.0,1422.8924
triviaqa,llama3:8b,multi-qa-mini__ms-marco-L12,optimized_s_rr_grounded,True,92.6,90.0,90.0,96.0,92.0,90.0,100.0,20.0,0.0,1402.4966
triviaqa,llama3:8b,multi-qa-mini__ms-marco-L6,no_rag,False,34.5,70.0,0.0,100.0,69.0,70.0,0.0,0.0,100.0,334.6209
triviaqa,llama3:8b,multi-qa-mini__ms-marco-L6,baseline_k,False,42.5,30.0,40.0,100.0,39.5,30.0,40.0,10.0,50.0,18988.5082
triviaqa,llama3:8b,multi-qa-mini__ms-marco-L6,baseline_k_grounded,False,58.5,40.0,70.0,100.0,49.0,40.0,50.0,10.0,40.0,18902.8672
triviaqa,llama3:8b,multi-qa-mini__ms-marco-L6,baseline_k_rr,False,67.9,60.0,70.0,84.0,61.0,60.0,70.0,10.0,30.0,15455.9634
triviaqa,llama3:8b,multi-qa-mini__ms-marco-L6,baseline_k_rr_grounded,False,80.0,60.0,100.0,100.0,68.0,60.0,70.0,10.0,30.0,15380.0554
triviaqa,llama3:8b,multi-qa-mini__ms-marco-L6,baseline_s,False,75.9,70.0,80.0,94.0,73.0,70.0,70.0,0.0,20.0,1155.0346
triviaqa,llama3:8b,multi-qa-mini__ms-marco-L6,baseline_s_grounded,False,84.0,70.0,90.0,100.0,75.5,70.0,90.0,20.0,10.0,1059.0204
triviaqa,llama3:8b,multi-qa-mini__ms-marco-L6,baseline_s_rr,True,100.0,100.0,100.0,100.0,100.0,100.0,100.0,0.0,0.0,1182.1304
triviaqa,llama3:8b,multi-qa-mini__ms-marco-L6,baseline_s_rr_grounded,True,89.5,80.0,90.0,100.0,84.0,80.0,100.0,20.0,0.0,1124.7202
triviaqa,llama3:8b,multi-qa-mini__ms-marco-L6,optimized_k,False,50.0,40.0,40.0,100.0,44.0,40.0,60.0,20.0,40.0,33398.0139
triviaqa,llama3:8b,multi-qa-mini__ms-marco-L6,optimized_k_grounded,False,72.5,50.0,100.0,100.0,55.0,50.0,40.0,0.0,60.0,33051.7376
triviaqa,llama3:8b,multi-qa-mini__ms-marco-L6,optimized_k_rr,False,75.3,50.0,92.0,96.0,60.5,50.0,80.0,30.0,20.0,40161.856
triviaqa,llama3:8b,multi-qa-mini__ms-marco-L6,optimized_k_rr_grounded,False,93.0,90.0,90.0,100.0,91.0,90.0,100.0,10.0,0.0,39640.6075
triviaqa,llama3:8b,multi-qa-mini__ms-marco-L6,optimized_s,False,85.0,80.0,80.0,90.0,81.0,80.0,100.0,20.0,0.0,1449.4545
triviaqa,llama3:8b,multi-qa-mini__ms-marco-L6,optimized_s_grounded,False,93.0,90.0,90.0,100.0,92.0,90.0,100.0,10.0,0.0,1376.2802
triviaqa,llama3:8b,multi-qa-mini__ms-marco-L6,optimized_s_rr,True,85.8,80.0,80.0,98.0,82.5,80.0,100.0,20.0,0.0,1415.2807
triviaqa,llama3:8b,multi-qa-mini__ms-marco-L6,optimized_s_rr_grounded,True,85.4,80.0,80.0,94.0,82.5,80.0,100.0,20.0,0.0,1425.4099
triviaqa,llama3:8b,multi-qa-mini__bge-reranker,no_rag,False,34.5,70.0,0.0,100.0,69.0,70.0,0.0,0.0,100.0,333.8011
triviaqa,llama3:8b,multi-qa-mini__bge-reranker,baseline_k,False,63.6,50.0,50.0,86.0,53.0,50.0,100.0,50.0,0.0,18986.3835
triviaqa,llama3:8b,multi-qa-mini__bge-reranker,baseline_k_grounded,False,77.0,70.0,70.0,100.0,73.5,70.0,90.0,20.0,10.0,18900.3823
triviaqa,llama3:8b,multi-qa-mini__bge-reranker,baseline_k_rr,False,60.5,60.0,50.0,80.0,58.0,60.0,70.0,20.0,20.0,15641.1833
triviaqa,llama3:8b,multi-qa-mini__bge-reranker,baseline_k_rr_grounded,False,90.19999999999999,90.0,90.0,92.0,90.5,90.0,90.0,0.0,0.0,15721.2952
triviaqa,llama3:8b,multi-qa-mini__bge-reranker,baseline_s,False,77.0,70.0,70.0,100.0,71.5,70.0,90.0,20.0,10.0,1148.5907
triviaqa,llama3:8b,multi-qa-mini__bge-reranker,baseline_s_grounded,False,84.0,70.0,90.0,100.0,75.0,70.0,90.0,20.0,10.0,1061.5626
triviaqa,llama3:8b,multi-qa-mini__bge-reranker,baseline_s_rr,True,81.45,70.0,80.0,95.5,76.5,70.0,100.0,30.0,0.0,1298.4478
triviaqa,llama3:8b,multi-qa-mini__bge-reranker,baseline_s_rr_grounded,True,89.5,90.0,80.0,100.0,90.2,90.0,100.0,20.0,0.0,1347.6641
triviaqa,llama3:8b,multi-qa-mini__bge-reranker,optimized_k,False,48.0,30.0,50.0,100.0,35.0,30.0,50.0,20.0,40.0,33387.5754
triviaqa,llama3:8b,multi-qa-mini__bge-reranker,optimized_k_grounded,False,90.0,100.0,100.0,100.0,100.0,100.0,40.0,0.0,60.0,33048.1476
triviaqa,llama3:8b,multi-qa-mini__bge-reranker,optimized_k_rr,False,78.0,60.0,100.0,100.0,66.0,60.0,60.0,0.0,40.0,39931.5278
triviaqa,llama3:8b,multi-qa-mini__bge-reranker,optimized_k_rr_grounded,False,100.0,100.0,100.0,100.0,100.0,100.0,100.0,50.0,0.0,39673.7153
triviaqa,llama3:8b,multi-qa-mini__bge-reranker,optimized_s,False,86.0,80.0,80.0,100.0,80.5,80.0,100.0,20.0,0.0,1442.1201
triviaqa,llama3:8b,multi-qa-mini__bge-reranker,optimized_s_grounded,False,88.89999999999999,80.0,90.0,94.0,83.0,80.0,100.0,20.0,0.0,1381.0942
triviaqa,llama3:8b,multi-qa-mini__bge-reranker,optimized_s_rr,True,75.85,70.0,69.0,78.0,73.3,70.0,100.0,30.0,0.0,1552.7033
triviaqa,llama3:8b,multi-qa-mini__bge-reranker,optimized_s_rr_grounded,True,78.0,70.0,70.0,90.0,74.5,70.0,100.0,30.0,0.0,1569.9496
triviaqa,llama3:8b,bge-base__ms-marco-L12,no_rag,False,34.5,70.0,0.0,100.0,69.0,70.0,0.0,0.0,100.0,832.3394
triviaqa,llama3:8b,bge-base__ms-marco-L12,baseline_k,False,51.05,30.0,51.0,89.0,39.0,30.0,60.0,30.0,40.0,18829.5532
triviaqa,llama3:8b,bge-base__ms-marco-L12,baseline_k_grounded,False,81.5,70.0,80.0,90.0,74.0,70.0,60.0,30.0,40.0,18816.3123
triviaqa,llama3:8b,bge-base__ms-marco-L12,baseline_k_rr,False,69.1,60.0,70.0,100.0,64.8,60.0,60.0,0.0,40.0,15533.5214
triviaqa,llama3:8b,bge-base__ms-marco-L12,baseline_k_rr_grounded,False,75.0,50.0,90.0,100.0,62.5,50.0,80.0,30.0,20.0,15440.5812
triviaqa,llama3:8b,bge-base__ms-marco-L12,baseline_s,False,72.0,50.0,70.0,100.0,53.0,50.0,100.0,50.0,0.0,1598.398
triviaqa,llama3:8b,bge-base__ms-marco-L12,baseline_s_grounded,False,80.25,60.0,95.0,100.0,66.0,60.0,80.0,20.0,20.0,1616.651
triviaqa,llama3:8b,bge-base__ms-marco-L12,baseline_s_rr,True,73.5,60.0,70.0,100.0,67.0,60.0,90.0,30.0,10.0,1641.8041
triviaqa,llama3:8b,bge-base__ms-marco-L12,baseline_s_rr_grounded,True,90.1,90.0,92.0,100.0,89.8,90.0,80.0,0.0,20.0,1640.5801
triviaqa,llama3:8b,bge-base__ms-marco-L12,optimized_k,False,46.0,40.0,40.0,100.0,46.5,40.0,70.0,30.0,30.0,33337.0194
triviaqa,llama3:8b,bge-base__ms-marco-L12,optimized_k_grounded,False,66.65,40.0,99.0,100.0,95.0,40.0,40.0,0.0,60.0,32989.446
triviaqa,llama3:8b,bge-base__ms-marco-L12,optimized_k_rr,False,68.5,50.0,60.0,100.0,58.0,50.0,100.0,50.0,0.0,39821.9837
triviaqa,llama3:8b,bge-base__ms-marco-L12,optimized_k_rr_grounded,False,74.5,60.0,90.0,100.0,63.5,60.0,60.0,10.0,40.0,39686.9146
triviaqa,llama3:8b,bge-base__ms-marco-L12,optimized_s,False,82.1,70.0,80.0,96.0,70.3,70.0,100.0,30.0,0.0,2103.5793
triviaqa,llama3:8b,bge-base__ms-marco-L12,optimized_s_grounded,False,86.0,90.0,70.0,100.0,88.8,90.0,100.0,10.0,0.0,2364.6099
triviaqa,llama3:8b,bge-base__ms-marco-L12,optimized_s_rr,True,79.0,70.0,70.0,100.0,73.0,70.0,100.0,30.0,0.0,2191.6328
triviaqa,llama3:8b,bge-base__ms-marco-L12,optimized_s_rr_grounded,True,72.0,60.0,60.0,100.0,65.0,60.0,100.0,40.0,0.0,2489.1115
triviaqa,llama3:8b,bge-base__ms-marco-L6,no_rag,False,34.5,70.0,0.0,100.0,69.0,70.0,0.0,0.0,100.0,364.7474
triviaqa,llama3:8b,bge-base__ms-marco-L6,baseline_k,False,48.5,30.0,40.0,80.0,32.5,30.0,80.0,50.0,20.0,18828.1784
triviaqa,llama3:8b,bge-base__ms-marco-L6,baseline_k_grounded,False,73.5,40.0,90.0,100.0,44.5,40.0,90.0,50.0,10.0,18819.8195
triviaqa,llama3:8b,bge-base__ms-marco-L6,baseline_k_rr,False,66.6,60.0,60.0,94.0,65.0,60.0,70.0,10.0,30.0,15582.3455
triviaqa,llama3:8b,bge-base__ms-marco-L6,baseline_k_rr_grounded,False,80.0,60.0,100.0,100.0,68.0,60.0,70.0,10.0,30.0,15378.9013
triviaqa,llama3:8b,bge-base__ms-marco-L6,baseline_s,False,72.0,60.0,60.0,100.0,62.5,60.0,100.0,40.0,0.0,1600.3117
triviaqa,llama3:8b,bge-base__ms-marco-L6,baseline_s_grounded,False,93.0,90.0,90.0,100.0,92.0,90.0,70.0,10.0,30.0,1616.992
triviaqa,llama3:8b,bge-base__ms-marco-L6,baseline_s_rr,True,93.5,90.0,100.0,90.0,89.2,90.0,90.0,0.0,10.0,1588.9901
triviaqa,llama3:8b,bge-base__ms-marco-L6,baseline_s_rr_grounded,True,93.0,80.0,100.0,100.0,84.0,80.0,100.0,20.0,0.0,1491.9381
triviaqa,llama3:8b,bge-base__ms-marco-L6,optimized_k,False,38.0,30.0,30.0,70.0,37.5,30.0,50.0,20.0,50.0,33342.585
triviaqa,llama3:8b,bge-base__ms-marco-L6,optimized_k_grounded,False,100.0,100.0,100.0,100.0,100.0,100.0,40.0,0.0,60.0,32990.662
triviaqa,llama3:8b,bge-base__ms-marco-L6,optimized_k_rr,False,65.4,50.0,74.0,92.0,58.6,50.0,60.0,10.0,40.0,39725.8315
triviaqa,llama3:8b,bge-base__ms-marco-L6,optimized_k_rr_grounded,False,93.0,90.0,90.0,100.0,90.0,90.0,60.0,10.0,40.0,39623.599
triviaqa,llama3:8b,bge-base__ms-marco-L6,optimized_s,False,71.8,60.0,60.0,98.0,64.5,60.0,100.0,40.0,0.0,2102.5968
triviaqa,llama3:8b,bge-base__ms-marco-L6,optimized_s_grounded,False,86.0,80.0,80.0,100.0,81.0,80.0,100.0,20.0,0.0,2364.6091
triviaqa,llama3:8b,bge-base__ms-marco-L6,optimized_s_rr,True,75.1,70.0,60.0,96.0,75.5,70.0,100.0,30.0,0.0,2198.1915
triviaqa,llama3:8b,bge-base__ms-marco-L6,optimized_s_rr_grounded,True,78.65,70.0,69.0,100.0,72.2,70.0,100.0,30.0,0.0,2312.5814
triviaqa,llama3:8b,bge-base__bge-reranker,no_rag,False,34.5,70.0,0.0,100.0,69.0,70.0,0.0,0.0,100.0,367.9842
triviaqa,llama3:8b,bge-base__bge-reranker,baseline_k,False,48.0,30.0,50.0,80.0,32.0,30.0,60.0,30.0,40.0,18831.0044
triviaqa,llama3:8b,bge-base__bge-reranker,baseline_k_grounded,False,65.3,30.0,80.0,88.0,40.4,30.0,90.0,60.0,10.0,18817.6328
triviaqa,llama3:8b,bge-base__bge-reranker,baseline_k_rr,False,68.0,60.0,60.0,100.0,62.8,60.0,80.0,20.0,20.0,15645.6711
triviaqa,llama3:8b,bge-base__bge-reranker,baseline_k_rr_grounded,False,92.8,90.0,90.0,98.0,91.0,90.0,60.0,10.0,40.0,15637.7692
triviaqa,llama3:8b,bge-base__bge-reranker,baseline_s,False,65.0,50.0,50.0,100.0,58.5,50.0,100.0,50.0,0.0,1604.5073
triviaqa,llama3:8b,bge-base__bge-reranker,baseline_s_grounded,False,84.6,60.0,96.0,100.0,92.7,60.0,100.0,40.0,0.0,1619.1129
triviaqa,llama3:8b,bge-base__bge-reranker,baseline_s_rr,True,83.05,80.0,79.0,94.0,81.6,80.0,90.0,10.0,10.0,1676.9558
triviaqa,llama3:8b,bge-base__bge-reranker,baseline_s_rr_grounded,True,75.5,60.0,70.0,100.0,63.5,60.0,100.0,40.0,0.0,1725.8372
triviaqa,llama3:8b,bge-base__bge-reranker,optimized_k,False,46.5,30.0,40.0,100.0,31.5,30.0,60.0,30.0,40.0,33339.7786
triviaqa,llama3:8b,bge-base__bge-reranker,optimized_k_grounded,False,67.0,40.0,100.0,100.0,52.0,40.0,40.0,0.0,60.0,32987.0681
triviaqa,llama3:8b,bge-base__bge-reranker,optimized_k_rr,False,61.0,50.0,50.0,100.0,56.5,50.0,80.0,30.0,20.0,39963.6646
triviaqa,llama3:8b,bge-base__bge-reranker,optimized_k_rr_grounded,False,100.0,100.0,100.0,100.0,100.0,100.0,50.0,0.0,50.0,39715.736
triviaqa,llama3:8b,bge-base__bge-reranker,optimized_s,False,78.4,70.0,70.0,94.0,72.6,70.0,100.0,30.0,0.0,2103.9807
triviaqa,llama3:8b,bge-base__bge-reranker,optimized_s_grounded,False,89.5,90.0,80.0,100.0,90.5,90.0,100.0,10.0,0.0,2361.6799
triviaqa,llama3:8b,bge-base__bge-reranker,optimized_s_rr,True,86.0,80.0,80.0,100.0,82.0,80.0,100.0,20.0,0.0,2303.1152
triviaqa,llama3:8b,bge-base__bge-reranker,optimized_s_rr_grounded,True,86.0,80.0,80.0,100.0,82.0,80.0,100.0,20.0,0.0,2372.2656
triviaqa,llama3:8b,multi-qa-mini__ms-marco-L12,no_rag,False,34.5,70.0,0.0,100.0,69.0,70.0,0.0,0.0,100.0,365.9304
triviaqa,llama3:8b,multi-qa-mini__ms-marco-L12,baseline_k,False,52.5,30.0,40.0,80.0,35.0,30.0,100.0,70.0,0.0,18827.5092
triviaqa,llama3:8b,multi-qa-mini__ms-marco-L12,baseline_k_grounded,False,78.2,60.0,80.0,92.0,65.5,60.0,100.0,40.0,0.0,18815.5031
triviaqa,llama3:8b,multi-qa-mini__ms-marco-L12,baseline_k_rr,False,66.2,61.0,61.0,77.0,64.8,60.0,80.0,20.0,20.0,15533.9538
triviaqa,llama3:8b,multi-qa-mini__ms-marco-L12,baseline_k_rr_grounded,False,79.0,50.0,90.0,100.0,53.0,50.0,100.0,50.0,0.0,15435.4062
triviaqa,llama3:8b,multi-qa-mini__ms-marco-L12,baseline_s,False,75.0,70.0,70.0,100.0,73.0,70.0,80.0,10.0,20.0,1080.6956
triviaqa,llama3:8b,multi-qa-mini__ms-marco-L12,baseline_s_grounded,False,84.0,70.0,90.0,100.0,74.5,70.0,90.0,20.0,10.0,1082.7076
triviaqa,llama3:8b,multi-qa-mini__ms-marco-L12,baseline_s_rr,True,81.5,70.0,80.0,90.0,72.0,70.0,100.0,30.0,0.0,1166.5579
triviaqa,llama3:8b,multi-qa-mini__ms-marco-L12,baseline_s_rr_grounded,True,100.0,100.0,100.0,100.0,100.0,100.0,100.0,0.0,0.0,1132.5872
triviaqa,llama3:8b,multi-qa-mini__ms-marco-L12,optimized_k,False,53.0,60.0,40.0,80.0,62.5,60.0,50.0,0.0,30.0,33337.5165
triviaqa,llama3:8b,multi-qa-mini__ms-marco-L12,optimized_k_grounded,False,94.0,100.0,100.0,40.0,95.2,100.0,40.0,0.0,60.0,32988.0123
triviaqa,llama3:8b,multi-qa-mini__ms-marco-L12,optimized_k_rr,False,72.0,50.0,70.0,100.0,53.5,50.0,100.0,50.0,0.0,39817.6894
triviaqa,llama3:8b,multi-qa-mini__ms-marco-L12,optimized_k_rr_grounded,False,79.69999999999999,50.0,92.0,100.0,53.0,50.0,100.0,50.0,0.0,39684.3885
triviaqa,llama3:8b,multi-qa-mini__ms-marco-L12,optimized_s,False,81.1,70.0,76.0,100.0,75.0,70.0,100.0,30.0,0.0,1402.8623
triviaqa,llama3:8b,multi-qa-mini__ms-marco-L12,optimized_s_grounded,False,86.0,90.0,70.0,100.0,90.0,90.0,100.0,10.0,0.0,1347.9293
triviaqa,llama3:8b,multi-qa-mini__ms-marco-L12,optimized_s_rr,True,91.95,90.5,90.5,89.0,90.8,90.0,100.0,10.0,0.0,1405.1805
triviaqa,llama3:8b,multi-qa-mini__ms-marco-L12,optimized_s_rr_grounded,True,85.6,80.0,80.0,96.0,83.5,80.0,100.0,20.0,0.0,1408.4428
triviaqa,llama3:8b,multi-qa-mini__ms-marco-L6,no_rag,False,34.5,70.0,0.0,100.0,70.0,70.0,0.0,0.0,100.0,364.4098
triviaqa,llama3:8b,multi-qa-mini__ms-marco-L6,baseline_k,False,42.5,30.0,40.0,100.0,38.8,30.0,40.0,10.0,60.0,18829.039
triviaqa,llama3:8b,multi-qa-mini__ms-marco-L6,baseline_k_grounded,False,66.0,40.0,80.0,100.0,44.5,40.0,70.0,30.0,30.0,18818.8454
triviaqa,llama3:8b,multi-qa-mini__ms-marco-L6,baseline_k_rr,False,64.4,60.0,60.0,84.0,63.5,60.0,70.0,10.0,20.0,15581.0433
triviaqa,llama3:8b,multi-qa-mini__ms-marco-L6,baseline_k_rr_grounded,False,86.0,60.0,100.0,100.0,62.0,60.0,100.0,40.0,0.0,15378.5737
triviaqa,llama3:8b,multi-qa-mini__ms-marco-L6,baseline_s,False,77.0,70.0,70.0,100.0,72.5,70.0,90.0,20.0,10.0,1079.6168
triviaqa,llama3:8b,multi-qa-mini__ms-marco-L6,baseline_s_grounded,False,84.0,70.0,90.0,100.0,76.0,70.0,90.0,20.0,10.0,1091.2087
triviaqa,llama3:8b,multi-qa-mini__ms-marco-L6,baseline_s_rr,True,99.65,100.0,99.0,100.0,99.8,100.0,100.0,0.0,0.0,1173.4142
triviaqa,llama3:8b,multi-qa-mini__ms-marco-L6,baseline_s_rr_grounded,True,100.0,100.0,100.0,100.0,100.0,100.0,100.0,10.0,0.0,1064.2812
triviaqa,llama3:8b,multi-qa-mini__ms-marco-L6,optimized_k,False,67.0,50.0,90.0,80.0,53.5,50.0,50.0,0.0,40.0,33336.1768
triviaqa,llama3:8b,multi-qa-mini__ms-marco-L6,optimized_k_grounded,False,72.5,50.0,100.0,100.0,60.0,50.0,50.0,0.0,50.0,32991.2449
triviaqa,llama3:8b,multi-qa-mini__ms-marco-L6,optimized_k_rr,False,64.25,50.0,73.0,90.0,57.0,50.0,60.0,10.0,20.0,39723.8286
triviaqa,llama3:8b,multi-qa-mini__ms-marco-L6,optimized_k_rr_grounded,False,92.8,90.0,90.0,98.0,91.0,90.0,100.0,10.0,0.0,39623.6912
triviaqa,llama3:8b,multi-qa-mini__ms-marco-L6,optimized_s,False,84.25,70.0,85.0,100.0,71.5,70.0,100.0,30.0,0.0,1405.8918
triviaqa,llama3:8b,multi-qa-mini__ms-marco-L6,optimized_s_grounded,False,82.2,70.0,82.0,90.0,72.5,70.0,100.0,30.0,0.0,1351.2485
triviaqa,llama3:8b,multi-qa-mini__ms-marco-L6,optimized_s_rr,True,85.4,80.0,80.0,94.0,84.5,80.0,100.0,20.0,0.0,1412.0991
triviaqa,llama3:8b,multi-qa-mini__ms-marco-L6,optimized_s_rr_grounded,True,92.39999999999999,90.0,90.0,94.0,91.0,90.0,100.0,10.0,0.0,1396.9758
triviaqa,llama3:8b,multi-qa-mini__bge-reranker,no_rag,False,34.5,70.0,0.0,100.0,62.0,70.0,0.0,0.0,100.0,366.0256
triviaqa,llama3:8b,multi-qa-mini__bge-reranker,baseline_k,False,61.5,40.0,50.0,100.0,47.5,40.0,100.0,60.0,0.0,18832.1145
triviaqa,llama3:8b,multi-qa-mini__bge-reranker,baseline_k_grounded,False,82.5,70.0,80.0,100.0,73.5,70.0,100.0,30.0,0.0,18819.5693
triviaqa,llama3:8b,multi-qa-mini__bge-reranker,baseline_k_rr,False,68.0,60.0,60.0,100.0,59.0,60.0,80.0,20.0,0.0,15647.0538
triviaqa,llama3:8b,multi-qa-mini__bge-reranker,baseline_k_rr_grounded,False,92.8,90.0,90.0,98.0,90.5,90.0,100.0,50.0,0.0,15635.7485
triviaqa,llama3:8b,multi-qa-mini__bge-reranker,baseline_s,False,79.0,70.0,70.0,100.0,73.0,70.0,100.0,30.0,0.0,1082.6421
triviaqa,llama3:8b,multi-qa-mini__bge-reranker,baseline_s_grounded,False,84.0,70.0,90.0,100.0,76.0,70.0,90.0,20.0,10.0,1089.0503
triviaqa,llama3:8b,multi-qa-mini__bge-reranker,baseline_s_rr,True,85.7,70.0,90.0,97.0,76.5,70.0,100.0,30.0,0.0,1332.3387
triviaqa,llama3:8b,multi-qa-mini__bge-reranker,baseline_s_rr_grounded,True,89.5,90.0,80.0,100.0,91.5,90.0,100.0,10.0,0.0,1421.5157
triviaqa,llama3:8b,multi-qa-mini__bge-reranker,optimized_k,False,55.2,50.0,50.0,96.0,54.0,50.0,50.0,10.0,40.0,33347.8864
triviaqa,llama3:8b,multi-qa-mini__bge-reranker,optimized_k_grounded,False,72.5,50.0,100.0,100.0,60.0,50.0,40.0,0.0,60.0,32992.0803
triviaqa,llama3:8b,multi-qa-mini__bge-reranker,optimized_k_rr,False,66.3,60.0,70.0,88.0,66.0,60.0,60.0,0.0,40.0,39963.6296
triviaqa,llama3:8b,multi-qa-mini__bge-reranker,optimized_k_rr_grounded,False,82.5,50.0,100.0,100.0,52.5,50.0,100.0,50.0,0.0,39717.07
triviaqa,llama3:8b,multi-qa-mini__bge-reranker,optimized_s,False,83.95,70.0,86.0,93.5,73.2,70.0,100.0,30.0,0.0,1406.6498
triviaqa,llama3:8b,multi-qa-mini__bge-reranker,optimized_s_grounded,False,82.4,70.0,82.0,92.0,74.8,70.0,90.0,20.0,10.0,1350.3428
triviaqa,llama3:8b,multi-qa-mini__bge-reranker,optimized_s_rr,True,77.0,70.0,70.0,80.0,72.5,70.0,100.0,30.0,0.0,1543.9078
triviaqa,llama3:8b,multi-qa-mini__bge-reranker,optimized_s_rr_grounded,True,78.4,70.0,72.0,91.0,75.5,70.0,100.0,30.0,0.0,1586.8815
triviaqa,mistral:7b,bge-base__ms-marco-L12,no_rag,False,38.0,80.0,0.0,100.0,80.0,80.0,0.0,0.0,100.0,690.8842
triviaqa,mistral:7b,bge-base__ms-marco-L12,baseline_k,False,58.5,40.0,70.0,100.0,48.5,40.0,50.0,10.0,50.0,18640.7308
triviaqa,mistral:7b,bge-base__ms-marco-L12,baseline_k_grounded,False,63.0,40.0,80.0,90.0,49.0,40.0,50.0,20.0,50.0,18618.6276
triviaqa,mistral:7b,bge-base__ms-marco-L12,baseline_k_rr,False,71.0,50.0,90.0,100.0,58.0,50.0,60.0,10.0,40.0,15288.1504
triviaqa,mistral:7b,bge-base__ms-marco-L12,baseline_k_rr_grounded,False,79.0,50.0,90.0,100.0,59.0,50.0,100.0,50.0,0.0,15204.6322
triviaqa,mistral:7b,bge-base__ms-marco-L12,baseline_s,False,68.0,60.0,60.0,100.0,66.0,60.0,80.0,20.0,20.0,1402.7711
triviaqa,mistral:7b,bge-base__ms-marco-L12,baseline_s_grounded,False,85.5,70.0,100.0,100.0,74.0,70.0,80.0,10.0,20.0,1314.6351
triviaqa,mistral:7b,bge-base__ms-marco-L12,baseline_s_rr,True,83.0,70.0,90.0,90.0,74.5,70.0,90.0,20.0,10.0,1430.673
triviaqa,mistral:7b,bge-base__ms-marco-L12,baseline_s_rr_grounded,True,89.5,80.0,90.0,100.0,83.2,80.0,100.0,20.0,0.0,1426.4476
triviaqa,mistral:7b,bge-base__ms-marco-L12,optimized_k,False,55.0,40.0,60.0,100.0,43.5,40.0,50.0,10.0,50.0,33051.2574
triviaqa,mistral:7b,bge-base__ms-marco-L12,optimized_k_grounded,False,100.0,100.0,100.0,100.0,100.0,100.0,40.0,0.0,60.0,32961.1158
triviaqa,mistral:7b,bge-base__ms-marco-L12,optimized_k_rr,False,66.5,40.0,90.0,90.0,52.0,40.0,60.0,20.0,40.0,39680.3093
triviaqa,mistral:7b,bge-base__ms-marco-L12,optimized_k_rr_grounded,False,93.0,90.0,90.0,100.0,92.0,90.0,60.0,10.0,40.0,39548.0139
triviaqa,mistral:7b,bge-base__ms-marco-L12,optimized_s,False,79.0,70.0,70.0,100.0,71.5,70.0,100.0,30.0,0.0,2013.1496
triviaqa,mistral:7b,bge-base__ms-marco-L12,optimized_s_grounded,False,86.0,70.0,90.0,100.0,75.8,70.0,100.0,30.0,0.0,2038.0811
triviaqa,mistral:7b,bge-base__ms-marco-L12,optimized_s_rr,True,88.5,80.0,90.0,90.0,82.0,80.0,100.0,20.0,0.0,2175.4038
triviaqa,mistral:7b,bge-base__ms-marco-L12,optimized_s_rr_grounded,True,82.5,80.0,70.0,100.0,81.3,80.0,100.0,20.0,0.0,2100.244
triviaqa,mistral:7b,bge-base__ms-marco-L6,no_rag,False,34.5,70.0,0.0,100.0,72.5,70.0,0.0,0.0,100.0,422.9656
triviaqa,mistral:7b,bge-base__ms-marco-L6,baseline_k,False,57.0,40.0,60.0,100.0,46.0,40.0,60.0,20.0,40.0,18639.7992
triviaqa,mistral:7b,bge-base__ms-marco-L6,baseline_k_grounded,False,67.0,60.0,80.0,100.0,65.0,60.0,40.0,10.0,50.0,18619.7394
triviaqa,mistral:7b,bge-base__ms-marco-L6,baseline_k_rr,False,74.3,60.0,82.0,92.0,66.8,60.0,80.0,20.0,20.0,15316.7064
triviaqa,mistral:7b,bge-base__ms-marco-L6,baseline_k_rr_grounded,False,82.5,60.0,90.0,100.0,68.0,60.0,100.0,40.0,0.0,15143.7944
triviaqa,mistral:7b,bge-base__ms-marco-L6,baseline_s,False,75.5,60.0,70.0,100.0,64.5,60.0,100.0,40.0,0.0,1401.6401
triviaqa,mistral:7b,bge-base__ms-marco-L6,baseline_s_grounded,False,85.5,70.0,100.0,100.0,74.0,70.0,80.0,10.0,20.0,1314.4852
triviaqa,mistral:7b,bge-base__ms-marco-L6,baseline_s_rr,True,84.7,70.0,92.0,84.0,74.5,70.0,100.0,30.0,0.0,1354.312
triviaqa,mistral:7b,bge-base__ms-marco-L6,baseline_s_rr_grounded,True,85.5,80.0,90.0,100.0,79.5,80.0,80.0,10.0,20.0,1322.2543
triviaqa,mistral:7b,bge-base__ms-marco-L6,optimized_k,False,55.0,40.0,60.0,100.0,46.8,40.0,50.0,10.0,50.0,33053.7059
triviaqa,mistral:7b,bge-base__ms-marco-L6,optimized_k_grounded,False,70.5,50.0,100.0,100.0,59.5,50.0,40.0,0.0,60.0,32958.8167
triviaqa,mistral:7b,bge-base__ms-marco-L6,optimized_k_rr,False,63.55,50.0,70.0,95.5,57.5,50.0,60.0,10.0,40.0,39630.6408
triviaqa,mistral:7b,bge-base__ms-marco-L6,optimized_k_rr_grounded,False,100.0,100.0,100.0,100.0,100.0,100.0,100.0,0.0,0.0,39441.5474
triviaqa,mistral:7b,bge-base__ms-marco-L6,optimized_s,False,79.0,70.0,70.0,100.0,73.0,70.0,100.0,30.0,0.0,2014.1961
triviaqa,mistral:7b,bge-base__ms-marco-L6,optimized_s_grounded,False,86.0,80.0,80.0,100.0,83.0,80.0,100.0,20.0,0.0,2037.5738
triviaqa,mistral:7b,bge-base__ms-marco-L6,optimized_s_rr,True,89.39999999999999,80.0,90.0,99.0,82.5,80.0,100.0,20.0,0.0,2045.7977
triviaqa,mistral:7b,bge-base__ms-marco-L6,optimized_s_rr_grounded,True,89.5,80.0,90.0,100.0,82.5,80.0,100.0,20.0,0.0,1994.0904
triviaqa,mistral:7b,bge-base__bge-reranker,no_rag,False,38.0,80.0,0.0,100.0,77.2,80.0,0.0,0.0,100.0,423.426
triviaqa,mistral:7b,bge-base__bge-reranker,baseline_k,False,57.0,40.0,60.0,100.0,48.0,40.0,60.0,20.0,30.0,18638.1523
triviaqa,mistral:7b,bge-base__bge-reranker,baseline_k_grounded,False,78.3,80.0,80.0,100.0,80.5,80.0,50.0,20.0,50.0,18621.1898
triviaqa,mistral:7b,bge-base__bge-reranker,baseline_k_rr,False,76.5,60.0,80.0,95.0,64.0,60.0,90.0,40.0,10.0,15515.8152
triviaqa,mistral:7b,bge-base__bge-reranker,baseline_k_rr_grounded,False,77.7,50.0,92.0,96.0,55.2,50.0,90.0,40.0,10.0,15372.3195
triviaqa,mistral:7b,bge-base__bge-reranker,baseline_s,False,68.0,60.0,60.0,100.0,63.0,60.0,80.0,20.0,20.0,1400.9484
triviaqa,mistral:7b,bge-base__bge-reranker,baseline_s_grounded,False,82.0,60.0,100.0,100.0,74.8,60.0,80.0,20.0,20.0,1316.7679
triviaqa,mistral:7b,bge-base__bge-reranker,baseline_s_rr,True,87.3,80.0,90.0,98.0,83.5,80.0,90.0,10.0,10.0,1438.7069
triviaqa,mistral:7b,bge-base__bge-reranker,baseline_s_rr_grounded,True,85.5,80.0,90.0,100.0,83.5,80.0,80.0,0.0,20.0,1434.1225
triviaqa,mistral:7b,bge-base__bge-reranker,optimized_k,False,55.0,50.0,50.0,100.0,51.0,50.0,50.0,10.0,50.0,33052.8547
triviaqa,mistral:7b,bge-base__bge-reranker,optimized_k_grounded,False,67.0,40.0,100.0,100.0,52.0,40.0,40.0,0.0,60.0,32962.2716
triviaqa,mistral:7b,bge-base__bge-reranker,optimized_k_rr,False,58.7,50.0,50.0,97.0,56.0,50.0,70.0,20.0,30.0,39803.6874
triviaqa,mistral:7b,bge-base__bge-reranker,optimized_k_rr_grounded,False,66.0,40.0,80.0,100.0,55.5,40.0,70.0,30.0,30.0,39651.5154
triviaqa,mistral:7b,bge-base__bge-reranker,optimized_s,False,79.0,70.0,70.0,100.0,71.5,70.0,100.0,30.0,0.0,2013.9155
triviaqa,mistral:7b,bge-base__bge-reranker,optimized_s_grounded,False,86.0,70.0,90.0,100.0,75.5,70.0,100.0,30.0,0.0,2038.061
triviaqa,mistral:7b,bge-base__bge-reranker,optimized_s_rr,True,87.425,75.5,91.0,94.5,82.1,70.0,100.0,30.0,0.0,2255.9191
triviaqa,mistral:7b,bge-base__bge-reranker,optimized_s_rr_grounded,True,95.8,90.0,98.0,100.0,91.1,90.0,90.0,10.0,10.0,2199.3173
triviaqa,mistral:7b,multi-qa-mini__ms-marco-L12,no_rag,False,38.0,80.0,0.0,100.0,77.2,80.0,0.0,0.0,100.0,425.9093
triviaqa,mistral:7b,multi-qa-mini__ms-marco-L12,baseline_k,False,53.0,40.0,60.0,100.0,43.5,40.0,40.0,10.0,40.0,18643.6413
triviaqa,mistral:7b,multi-qa-mini__ms-marco-L12,baseline_k_grounded,False,86.0,80.0,80.0,100.0,82.0,80.0,100.0,20.0,0.0,18623.1441
triviaqa,mistral:7b,multi-qa-mini__ms-marco-L12,baseline_k_rr,False,71.0,50.0,90.0,100.0,58.0,50.0,60.0,10.0,40.0,15292.5529
triviaqa,mistral:7b,multi-qa-mini__ms-marco-L12,baseline_k_rr_grounded,False,79.0,50.0,90.0,100.0,60.0,50.0,100.0,50.0,0.0,15205.1628
triviaqa,mistral:7b,multi-qa-mini__ms-marco-L12,baseline_s,False,91.0,80.0,100.0,100.0,82.5,80.0,90.0,10.0,10.0,972.5931
triviaqa,mistral:7b,multi-qa-mini__ms-marco-L12,baseline_s_grounded,False,81.3,70.0,88.0,100.0,75.0,70.0,80.0,10.0,20.0,897.5513
triviaqa,mistral:7b,multi-qa-mini__ms-marco-L12,baseline_s_rr,True,89.5,80.0,90.0,100.0,82.5,80.0,100.0,20.0,0.0,1062.2761
triviaqa,mistral:7b,multi-qa-mini__ms-marco-L12,baseline_s_rr_grounded,True,86.0,80.0,80.0,100.0,81.0,80.0,100.0,20.0,0.0,1113.2518
triviaqa,mistral:7b,multi-qa-mini__ms-marco-L12,optimized_k,False,51.5,40.0,50.0,100.0,44.0,40.0,50.0,10.0,50.0,33053.4423
triviaqa,mistral:7b,multi-qa-mini__ms-marco-L12,optimized_k_grounded,False,100.0,100.0,100.0,100.0,100.0,100.0,40.0,0.0,60.0,32957.0811
triviaqa,mistral:7b,multi-qa-mini__ms-marco-L12,optimized_k_rr,False,69.5,40.0,90.0,100.0,50.5,40.0,70.0,30.0,30.0,39677.8768
triviaqa,mistral:7b,multi-qa-mini__ms-marco-L12,optimized_k_rr_grounded,False,75.5,50.0,80.0,100.0,49.5,50.0,100.0,50.0,0.0,39546.2721
triviaqa,mistral:7b,multi-qa-mini__ms-marco-L12,optimized_s,False,95.5,90.0,98.0,97.0,92.9,90.0,100.0,10.0,0.0,1308.7113
triviaqa,mistral:7b,multi-qa-mini__ms-marco-L12,optimized_s_grounded,False,92.64999999999999,90.0,89.0,100.0,90.7,90.0,100.0,10.0,0.0,1187.5716
triviaqa,mistral:7b,multi-qa-mini__ms-marco-L12,optimized_s_rr,True,92.3,90.0,88.0,100.0,91.4,90.0,100.0,10.0,0.0,1330.6718
triviaqa,mistral:7b,multi-qa-mini__ms-marco-L12,optimized_s_rr_grounded,True,89.5,80.0,90.0,100.0,82.5,80.0,100.0,20.0,0.0,1309.9378
triviaqa,mistral:7b,multi-qa-mini__ms-marco-L6,no_rag,False,34.5,70.0,0.0,100.0,69.8,70.0,0.0,0.0,100.0,425.456
triviaqa,mistral:7b,multi-qa-mini__ms-marco-L6,baseline_k,False,55.0,40.0,60.0,100.0,47.8,40.0,50.0,10.0,50.0,18639.6914
triviaqa,mistral:7b,multi-qa-mini__ms-marco-L6,baseline_k_grounded,False,68.5,30.0,80.0,100.0,42.0,30.0,100.0,70.0,0.0,18617.7592
triviaqa,mistral:7b,multi-qa-mini__ms-marco-L6,baseline_k_rr,False,71.0,60.0,60.0,90.0,64.0,60.0,100.0,40.0,0.0,15313.2398
triviaqa,mistral:7b,multi-qa-mini__ms-marco-L6,baseline_k_rr_grounded,False,82.5,60.0,90.0,100.0,67.0,60.0,100.0,40.0,0.0,15141.8183
triviaqa,mistral:7b,multi-qa-mini__ms-marco-L6,baseline_s,False,85.5,70.0,100.0,100.0,76.0,70.0,80.0,10.0,20.0,972.4618
triviaqa,mistral:7b,multi-qa-mini__ms-marco-L6,baseline_s_grounded,False,80.15,60.0,89.0,100.0,66.9,60.0,90.0,30.0,10.0,897.3434
triviaqa,mistral:7b,multi-qa-mini__ms-marco-L6,baseline_s_rr,True,93.0,90.0,90.0,100.0,92.0,90.0,100.0,10.0,0.0,1025.549
triviaqa,mistral:7b,multi-qa-mini__ms-marco-L6,baseline_s_rr_grounded,True,89.5,80.0,90.0,100.0,83.0,80.0,100.0,20.0,0.0,1062.7243
triviaqa,mistral:7b,multi-qa-mini__ms-marco-L6,optimized_k,False,51.5,40.0,50.0,100.0,46.5,40.0,50.0,10.0,50.0,33052.5471
triviaqa,mistral:7b,multi-qa-mini__ms-marco-L6,optimized_k_grounded,False,90.0,100.0,100.0,100.0,97.5,100.0,40.0,0.0,60.0,32959.3983
triviaqa,mistral:7b,multi-qa-mini__ms-marco-L6,optimized_k_rr,False,76.5,60.0,90.0,100.0,64.5,60.0,70.0,10.0,30.0,39631.2548
triviaqa,mistral:7b,multi-qa-mini__ms-marco-L6,optimized_k_rr_grounded,False,100.0,100.0,100.0,100.0,100.0,100.0,50.0,0.0,50.0,39445.1133
triviaqa,mistral:7b,multi-qa-mini__ms-marco-L6,optimized_s,False,87.1,80.0,90.0,96.0,84.0,80.0,90.0,10.0,10.0,1310.7906
triviaqa,mistral:7b,multi-qa-mini__ms-marco-L6,optimized_s_grounded,False,87.5,70.0,100.0,100.0,75.5,70.0,90.0,20.0,10.0,1190.8829
triviaqa,mistral:7b,multi-qa-mini__ms-marco-L6,optimized_s_rr,True,90.19999999999999,90.0,82.0,100.0,90.2,90.0,100.0,10.0,0.0,1223.6605
triviaqa,mistral:7b,multi-qa-mini__ms-marco-L6,optimized_s_rr_grounded,True,92.39999999999999,90.0,90.0,94.0,91.0,90.0,100.0,10.0,0.0,1265.0697
triviaqa,mistral:7b,multi-qa-mini__bge-reranker,no_rag,False,34.5,70.0,0.0,100.0,69.8,70.0,0.0,0.0,100.0,421.911
triviaqa,mistral:7b,multi-qa-mini__bge-reranker,baseline_k,False,53.0,40.0,60.0,100.0,45.0,40.0,40.0,10.0,40.0,18637.0245
triviaqa,mistral:7b,multi-qa-mini__bge-reranker,baseline_k_grounded,False,58.5,30.0,80.0,100.0,44.0,30.0,50.0,20.0,50.0,18618.4028
triviaqa,mistral:7b,multi-qa-mini__bge-reranker,baseline_k_rr,False,70.8,60.0,88.0,90.0,60.6,60.0,50.0,0.0,50.0,15516.2584
triviaqa,mistral:7b,multi-qa-mini__bge-reranker,baseline_k_rr_grounded,False,80.3,60.0,90.0,98.0,62.5,60.0,90.0,30.0,10.0,15369.2493
triviaqa,mistral:7b,multi-qa-mini__bge-reranker,baseline_s,False,89.5,70.0,100.0,100.0,76.0,70.0,100.0,30.0,0.0,969.3265
triviaqa,mistral:7b,multi-qa-mini__bge-reranker,baseline_s_grounded,False,93.0,80.0,100.0,100.0,84.0,80.0,80.0,20.0,20.0,896.7266
triviaqa,mistral:7b,multi-qa-mini__bge-reranker,baseline_s_rr,True,100.0,100.0,100.0,100.0,100.0,100.0,100.0,0.0,0.0,1153.6452
triviaqa,mistral:7b,multi-qa-mini__bge-reranker,baseline_s_rr_grounded,True,87.5,80.0,90.0,100.0,84.0,80.0,90.0,10.0,10.0,1245.7338
triviaqa,mistral:7b,multi-qa-mini__bge-reranker,optimized_k,False,55.0,50.0,50.0,100.0,55.0,50.0,50.0,0.0,50.0,33056.8493
triviaqa,mistral:7b,multi-qa-mini__bge-reranker,optimized_k_grounded,False,72.5,100.0,50.0,100.0,96.0,100.0,50.0,0.0,50.0,32961.5308
triviaqa,mistral:7b,multi-qa-mini__bge-reranker,optimized_k_rr,False,73.1,50.0,82.0,95.0,60.0,50.0,90.0,40.0,10.0,39801.7385
triviaqa,mistral:7b,multi-qa-mini__bge-reranker,optimized_k_rr_grounded,False,76.5,50.0,100.0,100.0,70.1,50.0,70.0,30.0,30.0,39649.9331
triviaqa,mistral:7b,multi-qa-mini__bge-reranker,optimized_s,False,87.1,80.0,90.0,96.0,83.5,80.0,90.0,10.0,10.0,1309.6749
triviaqa,mistral:7b,multi-qa-mini__bge-reranker,optimized_s_grounded,False,89.15,80.0,89.0,100.0,81.2,80.0,90.0,20.0,10.0,1191.0341
triviaqa,mistral:7b,multi-qa-mini__bge-reranker,optimized_s_rr,True,82.5,70.0,80.0,100.0,74.0,70.0,100.0,30.0,0.0,1471.8152
triviaqa,mistral:7b,multi-qa-mini__bge-reranker,optimized_s_rr_grounded,True,82.5,70.0,80.0,100.0,72.5,70.0,100.0,30.0,0.0,1367.9353
triviaqa,mistral:7b,bge-base__ms-marco-L12,no_rag,False,38.0,80.0,0.0,100.0,80.0,80.0,0.0,0.0,100.0,712.0568
triviaqa,mistral:7b,bge-base__ms-marco-L12,baseline_k,False,39.0,30.0,30.0,100.0,35.0,30.0,40.0,10.0,30.0,18638.8106
triviaqa,mistral:7b,bge-base__ms-marco-L12,baseline_k_grounded,False,86.0,80.0,80.0,100.0,82.0,80.0,100.0,20.0,0.0,18617.1694
triviaqa,mistral:7b,bge-base__ms-marco-L12,baseline_k_rr,False,73.0,50.0,90.0,100.0,58.5,50.0,70.0,20.0,30.0,15284.9205
triviaqa,mistral:7b,bge-base__ms-marco-L12,baseline_k_rr_grounded,False,79.0,50.0,90.0,100.0,59.5,50.0,100.0,50.0,0.0,15201.23
triviaqa,mistral:7b,bge-base__ms-marco-L12,baseline_s,False,72.0,60.0,60.0,100.0,64.5,60.0,100.0,40.0,0.0,1399.2563
triviaqa,mistral:7b,bge-base__ms-marco-L12,baseline_s_grounded,False,85.5,70.0,100.0,100.0,74.0,70.0,80.0,10.0,20.0,1312.2869
triviaqa,mistral:7b,bge-base__ms-marco-L12,baseline_s_rr,True,85.0,70.0,90.0,90.0,72.5,70.0,100.0,30.0,0.0,1427.6458
triviaqa,mistral:7b,bge-base__ms-marco-L12,baseline_s_rr_grounded,True,86.0,70.0,90.0,100.0,76.0,70.0,100.0,30.0,0.0,1424.8101
triviaqa,mistral:7b,bge-base__ms-marco-L12,optimized_k,False,55.0,50.0,50.0,100.0,48.5,50.0,50.0,10.0,50.0,33049.7049
triviaqa,mistral:7b,bge-base__ms-marco-L12,optimized_k_grounded,False,94.5,90.0,100.0,100.0,91.5,90.0,40.0,0.0,60.0,32957.1014
triviaqa,mistral:7b,bge-base__ms-marco-L12,optimized_k_rr,False,75.4,50.0,88.0,87.0,73.3,70.0,60.0,20.0,40.0,39675.2185
triviaqa,mistral:7b,bge-base__ms-marco-L12,optimized_k_rr_grounded,False,71.0,50.0,90.0,100.0,56.5,50.0,60.0,30.0,40.0,39544.7713
triviaqa,mistral:7b,bge-base__ms-marco-L12,optimized_s,False,79.0,70.0,70.0,100.0,73.0,70.0,100.0,30.0,0.0,2009.247
triviaqa,mistral:7b,bge-base__ms-marco-L12,optimized_s_grounded,False,86.0,80.0,80.0,100.0,83.0,80.0,100.0,20.0,0.0,2032.0577
triviaqa,mistral:7b,bge-base__ms-marco-L12,optimized_s_rr,True,89.5,80.0,90.0,100.0,83.0,80.0,100.0,20.0,0.0,2173.1438
triviaqa,mistral:7b,bge-base__ms-marco-L12,optimized_s_rr_grounded,True,76.6,62.0,72.0,100.0,66.0,60.0,100.0,40.0,0.0,2099.3396
triviaqa,mistral:7b,bge-base__ms-marco-L6,no_rag,False,34.5,70.0,0.0,100.0,72.5,70.0,0.0,0.0,100.0,419.9816
triviaqa,mistral:7b,bge-base__ms-marco-L6,baseline_k,False,55.0,40.0,60.0,100.0,45.8,40.0,50.0,10.0,50.0,18634.1291
triviaqa,mistral:7b,bge-base__ms-marco-L6,baseline_k_grounded,False,58.5,30.0,80.0,100.0,39.0,30.0,50.0,20.0,50.0,18617.7134
triviaqa,mistral:7b,bge-base__ms-marco-L6,baseline_k_rr,False,79.0,60.0,80.0,100.0,67.5,60.0,100.0,40.0,0.0,15312.3227
triviaqa,mistral:7b,bge-base__ms-marco-L6,baseline_k_rr_grounded,False,78.5,60.0,90.0,100.0,70.0,60.0,80.0,20.0,20.0,15145.3667
triviaqa,mistral:7b,bge-base__ms-marco-L6,baseline_s,False,72.9,60.0,70.0,94.0,64.5,60.0,90.0,30.0,10.0,1398.1534
triviaqa,mistral:7b,bge-base__ms-marco-L6,baseline_s_grounded,False,82.0,70.0,90.0,100.0,75.0,70.0,80.0,10.0,20.0,1314.2324
triviaqa,mistral:7b,bge-base__ms-marco-L6,baseline_s_rr,True,79.0,70.0,70.0,100.0,76.0,70.0,100.0,30.0,0.0,1355.1127
triviaqa,mistral:7b,bge-base__ms-marco-L6,baseline_s_rr_grounded,True,86.0,70.0,90.0,100.0,76.0,70.0,100.0,30.0,0.0,1319.0717
triviaqa,mistral:7b,bge-base__ms-marco-L6,optimized_k,False,51.5,40.0,50.0,100.0,44.0,40.0,50.0,10.0,50.0,33050.2078
triviaqa,mistral:7b,bge-base__ms-marco-L6,optimized_k_grounded,False,88.0,100.0,100.0,100.0,97.0,100.0,40.0,0.0,60.0,32959.798
triviaqa,mistral:7b,bge-base__ms-marco-L6,optimized_k_rr,False,71.0,50.0,90.0,100.0,56.5,50.0,60.0,10.0,40.0,39623.1592
triviaqa,mistral:7b,bge-base__ms-marco-L6,optimized_k_rr_grounded,False,66.0,60.0,60.0,100.0,66.5,60.0,70.0,10.0,30.0,39443.0751
triviaqa,mistral:7b,bge-base__ms-marco-L6,optimized_s,False,79.0,70.0,70.0,100.0,71.5,70.0,100.0,30.0,0.0,2010.1116
triviaqa,mistral:7b,bge-base__ms-marco-L6,optimized_s_grounded,False,86.0,80.0,80.0,100.0,82.0,80.0,100.0,20.0,0.0,2035.0067
triviaqa,mistral:7b,bge-base__ms-marco-L6,optimized_s_rr,True,87.15,80.0,89.0,100.0,81.3,80.0,90.0,10.0,10.0,2038.921
triviaqa,mistral:7b,bge-base__ms-marco-L6,optimized_s_rr_grounded,True,89.15,80.0,89.0,100.0,81.2,80.0,100.0,20.0,0.0,1994.1078
triviaqa,mistral:7b,bge-base__bge-reranker,no_rag,False,38.0,80.0,0.0,100.0,66.0,80.0,0.0,0.0,100.0,422.8624
triviaqa,mistral:7b,bge-base__bge-reranker,baseline_k,False,50.0,40.0,40.0,100.0,44.0,40.0,60.0,20.0,40.0,18636.7287
triviaqa,mistral:7b,bge-base__bge-reranker,baseline_k_grounded,False,77.0,70.0,70.0,100.0,73.0,70.0,50.0,20.0,50.0,18618.7391
triviaqa,mistral:7b,bge-base__bge-reranker,baseline_k_rr,False,73.0,60.0,80.0,100.0,65.4,60.0,70.0,10.0,30.0,15515.5985
triviaqa,mistral:7b,bge-base__bge-reranker,baseline_k_rr_grounded,False,81.3,70.0,92.0,98.0,73.5,70.0,70.0,0.0,30.0,15370.706
triviaqa,mistral:7b,bge-base__bge-reranker,baseline_s,False,72.4,70.0,62.0,96.0,74.2,70.0,80.0,10.0,20.0,1398.65
triviaqa,mistral:7b,bge-base__bge-reranker,baseline_s_grounded,False,89.5,80.0,90.0,100.0,82.5,80.0,80.0,20.0,20.0,1311.8009
triviaqa,mistral:7b,bge-base__bge-reranker,baseline_s_rr,True,88.3,80.0,90.0,88.0,84.0,80.0,100.0,20.0,0.0,1437.3874
triviaqa,mistral:7b,bge-base__bge-reranker,baseline_s_rr_grounded,True,85.5,80.0,90.0,100.0,83.5,80.0,80.0,0.0,20.0,1430.3077
triviaqa,mistral:7b,bge-base__bge-reranker,optimized_k,False,51.5,40.0,50.0,100.0,46.8,40.0,50.0,10.0,50.0,33050.1441
triviaqa,mistral:7b,bge-base__bge-reranker,optimized_k_grounded,False,67.0,40.0,100.0,100.0,52.0,40.0,40.0,0.0,60.0,32956.2834
triviaqa,mistral:7b,bge-base__bge-reranker,optimized_k_rr,False,63.5,50.0,70.0,95.0,58.6,50.0,60.0,10.0,40.0,39797.3069
triviaqa,mistral:7b,bge-base__bge-reranker,optimized_k_rr_grounded,False,66.0,40.0,80.0,100.0,53.0,40.0,70.0,30.0,30.0,39646.701
triviaqa,mistral:7b,bge-base__bge-reranker,optimized_s,False,79.0,70.0,70.0,100.0,73.0,70.0,100.0,30.0,0.0,2008.9522
triviaqa,mistral:7b,bge-base__bge-reranker,optimized_s_grounded,False,86.0,70.0,90.0,100.0,74.5,70.0,100.0,30.0,0.0,2035.1502
triviaqa,mistral:7b,bge-base__bge-reranker,optimized_s_rr,True,87.1,78.5,86.5,95.5,81.3,80.0,100.0,20.0,0.0,2251.5865
triviaqa,mistral:7b,bge-base__bge-reranker,optimized_s_rr_grounded,True,89.5,80.0,90.0,100.0,82.0,80.0,100.0,20.0,0.0,2194.3988
triviaqa,mistral:7b,multi-qa-mini__ms-marco-L12,no_rag,False,38.0,80.0,0.0,100.0,77.2,80.0,0.0,0.0,100.0,420.4971
triviaqa,mistral:7b,multi-qa-mini__ms-marco-L12,baseline_k,False,53.0,40.0,60.0,100.0,42.0,40.0,40.0,10.0,40.0,18634.7654
triviaqa,mistral:7b,multi-qa-mini__ms-marco-L12,baseline_k_grounded,False,77.0,70.0,70.0,100.0,73.0,70.0,90.0,20.0,10.0,18617.5402
triviaqa,mistral:7b,multi-qa-mini__ms-marco-L12,baseline_k_rr,False,73.0,50.0,90.0,100.0,60.0,50.0,60.0,10.0,40.0,15286.1499
triviaqa,mistral:7b,multi-qa-mini__ms-marco-L12,baseline_k_rr_grounded,False,79.0,50.0,90.0,100.0,59.0,50.0,100.0,50.0,0.0,15201.6977
triviaqa,mistral:7b,multi-qa-mini__ms-marco-L12,baseline_s,False,87.5,70.0,100.0,100.0,74.0,70.0,90.0,20.0,10.0,967.4795
triviaqa,mistral:7b,multi-qa-mini__ms-marco-L12,baseline_s_grounded,False,80.5,60.0,90.0,100.0,67.0,60.0,90.0,30.0,10.0,895.5844
triviaqa,mistral:7b,multi-qa-mini__ms-marco-L12,baseline_s_rr,True,86.0,70.0,90.0,100.0,75.5,70.0,100.0,30.0,0.0,1059.1371
triviaqa,mistral:7b,multi-qa-mini__ms-marco-L12,baseline_s_rr_grounded,True,89.5,80.0,90.0,100.0,81.5,80.0,100.0,20.0,0.0,1110.1763
triviaqa,mistral:7b,multi-qa-mini__ms-marco-L12,optimized_k,False,51.5,40.0,50.0,100.0,46.5,40.0,50.0,10.0,50.0,33049.536
triviaqa,mistral:7b,multi-qa-mini__ms-marco-L12,optimized_k_grounded,False,81.0,90.0,90.0,100.0,87.8,90.0,40.0,0.0,60.0,32957.747
triviaqa,mistral:7b,multi-qa-mini__ms-marco-L12,optimized_k_rr,False,82.1,70.0,96.0,96.0,77.2,70.0,70.0,10.0,30.0,39674.1215
triviaqa,mistral:7b,multi-qa-mini__ms-marco-L12,optimized_k_rr_grounded,False,84.0,80.0,80.0,100.0,83.0,80.0,90.0,50.0,10.0,39546.7047
triviaqa,mistral:7b,multi-qa-mini__ms-marco-L12,optimized_s,False,93.0,80.0,100.0,100.0,83.5,80.0,100.0,20.0,0.0,1304.7566
triviaqa,mistral:7b,multi-qa-mini__ms-marco-L12,optimized_s_grounded,False,92.65,80.0,99.0,100.0,83.8,80.0,100.0,30.0,0.0,1187.934
triviaqa,mistral:7b,multi-qa-mini__ms-marco-L12,optimized_s_rr,True,91.6,90.0,86.0,100.0,91.0,90.0,100.0,10.0,0.0,1328.3202
triviaqa,mistral:7b,multi-qa-mini__ms-marco-L12,optimized_s_rr_grounded,True,85.4,80.0,80.0,94.0,82.5,80.0,100.0,20.0,0.0,1306.1616
triviaqa,mistral:7b,multi-qa-mini__ms-marco-L6,no_rag,False,34.5,70.0,0.0,100.0,72.5,70.0,0.0,0.0,100.0,419.708
triviaqa,mistral:7b,multi-qa-mini__ms-marco-L6,baseline_k,False,51.5,30.0,60.0,100.0,40.5,30.0,50.0,20.0,50.0,18636.3372
triviaqa,mistral:7b,multi-qa-mini__ms-marco-L6,baseline_k_grounded,False,82.5,70.0,80.0,100.0,74.0,70.0,100.0,30.0,0.0,18616.8168
triviaqa,mistral:7b,multi-qa-mini__ms-marco-L6,baseline_k_rr,False,78.8,70.0,78.0,94.0,74.0,70.0,90.0,20.0,10.0,15312.1322
triviaqa,mistral:7b,multi-qa-mini__ms-marco-L6,baseline_k_rr_grounded,False,79.0,90.0,50.0,100.0,89.5,90.0,100.0,10.0,0.0,15141.5923
triviaqa,mistral:7b,multi-qa-mini__ms-marco-L6,baseline_s,False,87.5,70.0,100.0,100.0,74.0,70.0,90.0,20.0,10.0,969.0837
triviaqa,mistral:7b,multi-qa-mini__ms-marco-L6,baseline_s_grounded,False,84.0,60.0,100.0,100.0,68.0,60.0,90.0,30.0,10.0,896.4698
triviaqa,mistral:7b,multi-qa-mini__ms-marco-L6,baseline_s_rr,True,93.0,90.0,90.0,100.0,92.0,90.0,100.0,10.0,0.0,1024.5053
triviaqa,mistral:7b,multi-qa-mini__ms-marco-L6,baseline_s_rr_grounded,True,86.0,80.0,80.0,100.0,82.5,80.0,90.0,20.0,10.0,1060.8453
triviaqa,mistral:7b,multi-qa-mini__ms-marco-L6,optimized_k,False,60.5,50.0,60.0,100.0,52.5,50.0,60.0,10.0,40.0,33050.7506
triviaqa,mistral:7b,multi-qa-mini__ms-marco-L6,optimized_k_grounded,False,100.0,100.0,100.0,100.0,100.0,100.0,100.0,0.0,0.0,32960.1022
triviaqa,mistral:7b,multi-qa-mini__ms-marco-L6,optimized_k_rr,False,77.5,60.0,90.0,90.0,66.0,60.0,80.0,20.0,20.0,39624.6608
triviaqa,mistral:7b,multi-qa-mini__ms-marco-L6,optimized_k_rr_grounded,False,89.0,80.0,100.0,100.0,84.0,80.0,50.0,0.0,50.0,39455.2478
triviaqa,mistral:7b,multi-qa-mini__ms-marco-L6,optimized_s,False,96.5,90.0,100.0,100.0,92.0,90.0,100.0,10.0,0.0,1305.4879
triviaqa,mistral:7b,multi-qa-mini__ms-marco-L6,optimized_s_grounded,False,89.15,70.0,99.0,100.0,75.8,70.0,100.0,30.0,0.0,1190.1337
triviaqa,mistral:7b,multi-qa-mini__ms-marco-L6,optimized_s_rr,True,92.3,90.0,88.0,100.0,91.6,90.0,100.0,10.0,0.0,1219.8614
triviaqa,mistral:7b,multi-qa-mini__ms-marco-L6,optimized_s_rr_grounded,True,93.0,90.0,90.0,100.0,91.0,90.0,100.0,10.0,0.0,1264.5333
triviaqa,mistral:7b,multi-qa-mini__bge-reranker,no_rag,False,38.0,80.0,0.0,100.0,76.0,80.0,0.0,0.0,100.0,421.2298
triviaqa,mistral:7b,multi-qa-mini__bge-reranker,baseline_k,False,57.5,30.0,60.0,100.0,34.5,30.0,80.0,50.0,20.0,18636.9653
triviaqa,mistral:7b,multi-qa-mini__bge-reranker,baseline_k_grounded,False,86.0,80.0,80.0,100.0,84.0,80.0,100.0,20.0,0.0,18616.8583
triviaqa,mistral:7b,multi-qa-mini__bge-reranker,baseline_k_rr,False,81.0,50.0,96.0,99.0,60.4,50.0,60.0,10.0,40.0,15514.3276
triviaqa,mistral:7b,multi-qa-mini__bge-reranker,baseline_k_rr_grounded,False,78.8,50.0,90.0,98.0,59.5,50.0,100.0,50.0,0.0,15369.0733
triviaqa,mistral:7b,multi-qa-mini__bge-reranker,baseline_s,False,87.5,70.0,100.0,100.0,75.5,70.0,90.0,20.0,10.0,969.3423
triviaqa,mistral:7b,multi-qa-mini__bge-reranker,baseline_s_grounded,False,80.5,60.0,90.0,100.0,66.5,60.0,90.0,30.0,10.0,895.693
triviaqa,mistral:7b,multi-qa-mini__bge-reranker,baseline_s_rr,True,100.0,100.0,100.0,100.0,100.0,100.0,100.0,0.0,0.0,1153.3508
triviaqa,mistral:7b,multi-qa-mini__bge-reranker,baseline_s_rr_grounded,True,100.0,100.0,100.0,100.0,98.6,100.0,100.0,0.0,0.0,1243.3478
triviaqa,mistral:7b,multi-qa-mini__bge-reranker,optimized_k,False,55.0,40.0,60.0,100.0,46.8,40.0,50.0,10.0,50.0,33054.4778
triviaqa,mistral:7b,multi-qa-mini__bge-reranker,optimized_k_grounded,False,74.0,60.0,100.0,100.0,61.6,60.0,40.0,0.0,60.0,32958.0478
triviaqa,mistral:7b,multi-qa-mini__bge-reranker,optimized_k_rr,False,50.0,40.0,40.0,100.0,48.0,40.0,60.0,20.0,40.0,39798.9705
triviaqa,mistral:7b,multi-qa-mini__bge-reranker,optimized_k_rr_grounded,False,69.0,40.0,100.0,100.0,49.5,40.0,50.0,10.0,50.0,39646.4652
triviaqa,mistral:7b,multi-qa-mini__bge-reranker,optimized_s,False,91.0,80.0,100.0,100.0,87.0,80.0,90.0,10.0,10.0,1306.9472
triviaqa,mistral:7b,multi-qa-mini__bge-reranker,optimized_s_grounded,False,100.0,100.0,100.0,100.0,100.0,100.0,100.0,0.0,0.0,1188.737
triviaqa,mistral:7b,multi-qa-mini__bge-reranker,optimized_s_rr,True,82.5,70.0,80.0,100.0,74.0,70.0,100.0,30.0,0.0,1456.8246
triviaqa,mistral:7b,multi-qa-mini__bge-reranker,optimized_s_rr_grounded,True,81.5,70.0,80.0,90.0,72.5,70.0,100.0,30.0,0.0,1363.9691
